country_name,year,income_class
Afghanistan,1987,low_income
Afghanistan,1988,low_income
Afghanistan,1989,low_income
Afghanistan,1990,low_income
Afghanistan,1991,low_income
Afghanistan,1992,low_income
Afghanistan,1993,low_income
Afghanistan,1994,low_income
Afghanistan,1995,low_income
Afghanistan,1996,low_income
Afghanistan,1997,low_income
Afghanistan,1998,low_income
Afghanistan,1999,low_income
Afghanistan,2000,low_income
Afghanistan,2001,low_income
Afghanistan,2002,low_income
Afghanistan,2003,low_income
Afghanistan,2004,low_income
Afghanistan,2005,low_income
Afghanistan,2006,low_income
Afghanistan,2007,low_income
Afghanistan,2008,low_income
Afghanistan,2009,low_income
Afghanistan,2010,low_income
Afghanistan,2011,low_income
Afghanistan,2012,low_income
Afghanistan,2013,low_income
Afghanistan,2014,low_income
Afghanistan,2015,low_income
Afghanistan,2016,low_income
Afghanistan,2017,low_income
Afghanistan,2018,low_income
Afghanistan,2019,low_income
Afghanistan,2020,low_income
Afghanistan,2021,low_income
Afghanistan,2022,low_income
Afghanistan,2023,low_income
Afghanistan,2024,low_income
Afghanistan,2025,low_income
Albania,1990,lower_middle
Albania,1991,lower_middle
Albania,1992,lower_middle
Albania,1993,low_income
Albania,1994,low_income
Albania,1995,low_income
Albania,1996,lower_middle
Albania,1997,low_income
Albania,1998,lower_middle
Albania,1999,lower_middle
Albania,2000,lower_middle
Albania,2001,lower_middle
Albania,2002,lower_middle
Albania,2003,lower_middle
Albania,2004,lower_middle
Albania,2005,lower_middle
Albania,2006,lower_middle
Albania,2007,lower_middle
Albania,2008,lower_middle
Albania,2009,upper_middle
Albania,2010,upper_middle
Albania,2011,lower_middle
Albania,2012,upper_middle
Albania,2013,upper_middle
Albania,2014,upper_middle
Albania,2015,upper_middle
Albania,2016,upper_middle
Albania,2017,upper_middle
Albania,2018,upper_middle
Albania,2019,upper_middle
Albania,2020,upper_middle
Albania,2021,upper_middle
Albania,2022,upper_middle
Albania,2023,upper_middle
Albania,2024,upper_middle
Albania,2025,upper_middle
Algeria,1987,upper_middle
Algeria,1988,upper_middle
Algeria,1989,lower_middle
Algeria,1990,lower_middle
Algeria,1991,lower_middle
Algeria,1992,lower_middle
Algeria,1993,lower_middle
Algeria,1994,lower_middle
Algeria,1995,lower_middle
Algeria,1996,lower_middle
Algeria,1997,lower_middle
Algeria,1998,lower_middle
Algeria,1999,lower_middle
Algeria,2000,lower_middle
Algeria,2001,lower_middle
Algeria,2002,lower_middle
Algeria,2003,lower_middle
Algeria,2004,lower_middle
Algeria,2005,lower_middle
Algeria,2006,lower_middle
Algeria,2007,lower_middle
Algeria,2008,upper_middle
Algeria,2009,upper_middle
Algeria,2010,upper_middle
Algeria,2011,upper_middle
Algeria,2012,upper_middle
Algeria,2013,upper_middle
Algeria,2014,upper_middle
Algeria,2015,upper_middle
Algeria,2016,upper_middle
Algeria,2017,upper_middle
Algeria,2018,upper_middle
Algeria,2019,lower_middle
Algeria,2020,lower_middle
Algeria,2021,lower_middle
Algeria,2022,upper_middle
Algeria,2023,upper_middle
Algeria,2024,upper_middle
Algeria,2025,upper_middle
American Samoa,1987,high_income
American Samoa,1988,high_income
American Samoa,1989,high_income
American Samoa,1990,upper_middle
American Samoa,1991,upper_middle
American Samoa,1992,upper_middle
American Samoa,1993,upper_middle
American Samoa,1994,upper_middle
American Samoa,1995,upper_middle
American Samoa,1996,upper_middle
American Samoa,1997,upper_middle
American Samoa,1998,upper_middle
American Samoa,1999,upper_middle
American Samoa,2000,upper_middle
American Samoa,2001,upper_middle
American Samoa,2002,upper_middle
American Samoa,2003,upper_middle
American Samoa,2004,upper_middle
American Samoa,2005,upper_middle
American Samoa,2006,upper_middle
American Samoa,2007,upper_middle
American Samoa,2008,upper_middle
American Samoa,2009,upper_middle
American Samoa,2010,upper_middle
American Samoa,2011,upper_middle
American Samoa,2012,upper_middle
American Samoa,2013,upper_middle
American Samoa,2014,upper_middle
American Samoa,2015,upper_middle
American Samoa,2016,upper_middle
American Samoa,2017,upper_middle
American Samoa,2018,upper_middle
American Samoa,2019,upper_middle
American Samoa,2020,upper_middle
American Samoa,2021,upper_middle
American Samoa,2022,high_income
American Samoa,2023,high_income
American Samoa,2024,high_income
American Samoa,2025,high_income
Andorra,1990,high_income
Andorra,1991,high_income
Andorra,1992,high_income
Andorra,1993,high_income
Andorra,1994,high_income
Andorra,1995,high_income
Andorra,1996,high_income
Andorra,1997,high_income
Andorra,1998,high_income
Andorra,1999,high_income
Andorra,2000,high_income
Andorra,2001,high_income
Andorra,2002,high_income
Andorra,2003,high_income
Andorra,2004,high_income
Andorra,2005,high_income
Andorra,2006,high_income
Andorra,2007,high_income
Andorra,2008,high_income
Andorra,2009,high_income
Andorra,2010,high_income
Andorra,2011,high_income
Andorra,2012,high_income
Andorra,2013,high_income
Andorra,2014,high_income
Andorra,2015,high_income
Andorra,2016,high_income
Andorra,2017,high_income
Andorra,2018,high_income
Andorra,2019,high_income
Andorra,2020,high_income
Andorra,2021,high_income
Andorra,2022,high_income
Andorra,2023,high_income
Andorra,2024,high_income
Andorra,2025,high_income
Angola,1988,lower_middle
Angola,1989,lower_middle
Angola,1990,lower_middle
Angola,1991,lower_middle
Angola,1992,lower_middle
Angola,1993,lower_middle
Angola,1994,lower_middle
Angola,1995,low_income
Angola,1996,low_income
Angola,1997,low_income
Angola,1998,low_income
Angola,1999,low_income
Angola,2000,low_income
Angola,2001,low_income
Angola,2002,low_income
Angola,2003,low_income
Angola,2004,lower_middle
Angola,2005,lower_middle
Angola,2006,lower_middle
Angola,2007,lower_middle
Angola,2008,lower_middle
Angola,2009,lower_middle
Angola,2010,lower_middle
Angola,2011,upper_middle
Angola,2012,upper_middle
Angola,2013,upper_middle
Angola,2014,upper_middle
Angola,2015,upper_middle
Angola,2016,lower_middle
Angola,2017,lower_middle
Angola,2018,lower_middle
Angola,2019,lower_middle
Angola,2020,lower_middle
Angola,2021,lower_middle
Angola,2022,lower_middle
Angola,2023,lower_middle
Angola,2024,lower_middle
Angola,2025,lower_middle
Antigua and Barbuda,1987,upper_middle
Antigua and Barbuda,1988,upper_middle
Antigua and Barbuda,1989,upper_middle
Antigua and Barbuda,1990,upper_middle
Antigua and Barbuda,1991,upper_middle
Antigua and Barbuda,1992,upper_middle
Antigua and Barbuda,1993,upper_middle
Antigua and Barbuda,1994,upper_middle
Antigua and Barbuda,1995,upper_middle
Antigua and Barbuda,1996,upper_middle
Antigua and Barbuda,1997,upper_middle
Antigua and Barbuda,1998,upper_middle
Antigua and Barbuda,1999,upper_middle
Antigua and Barbuda,2000,upper_middle
Antigua and Barbuda,2001,upper_middle
Antigua and Barbuda,2002,high_income
Antigua and Barbuda,2003,upper_middle
Antigua and Barbuda,2004,upper_middle
Antigua and Barbuda,2005,high_income
Antigua and Barbuda,2006,high_income
Antigua and Barbuda,2007,high_income
Antigua and Barbuda,2008,high_income
Antigua and Barbuda,2009,upper_middle
Antigua and Barbuda,2010,upper_middle
Antigua and Barbuda,2011,upper_middle
Antigua and Barbuda,2012,high_income
Antigua and Barbuda,2013,high_income
Antigua and Barbuda,2014,high_income
Antigua and Barbuda,2015,high_income
Antigua and Barbuda,2016,high_income
Antigua and Barbuda,2017,high_income
Antigua and Barbuda,2018,high_income
Antigua and Barbuda,2019,high_income
Antigua and Barbuda,2020,high_income
Antigua and Barbuda,2021,high_income
Antigua and Barbuda,2022,high_income
Antigua and Barbuda,2023,high_income
Antigua and Barbuda,2024,high_income
Antigua and Barbuda,2025,high_income
Argentina,1987,upper_middle
Argentina,1988,upper_middle
Argentina,1989,lower_middle
Argentina,1990,lower_middle
Argentina,1991,upper_middle
Argentina,1992,upper_middle
Argentina,1993,upper_middle
Argentina,1994,upper_middle
Argentina,1995,upper_middle
Argentina,1996,upper_middle
Argentina,1997,upper_middle
Argentina,1998,upper_middle
Argentina,1999,upper_middle
Argentina,2000,upper_middle
Argentina,2001,upper_middle
Argentina,2002,upper_middle
Argentina,2003,upper_middle
Argentina,2004,upper_middle
Argentina,2005,upper_middle
Argentina,2006,upper_middle
Argentina,2007,upper_middle
Argentina,2008,upper_middle
Argentina,2009,upper_middle
Argentina,2010,upper_middle
Argentina,2011,upper_middle
Argentina,2012,upper_middle
Argentina,2013,upper_middle
Argentina,2014,high_income
Argentina,2015,upper_middle
Argentina,2016,upper_middle
Argentina,2017,high_income
Argentina,2018,upper_middle
Argentina,2019,upper_middle
Argentina,2020,upper_middle
Argentina,2021,upper_middle
Argentina,2022,upper_middle
Argentina,2023,upper_middle
Argentina,2024,upper_middle
Argentina,2025,upper_middle
Armenia,1991,lower_middle
Armenia,1992,lower_middle
Armenia,1993,low_income
Armenia,1994,low_income
Armenia,1995,low_income
Armenia,1996,low_income
Armenia,1997,low_income
Armenia,1998,low_income
Armenia,1999,low_income
Armenia,2000,low_income
Armenia,2001,low_income
Armenia,2002,lower_middle
Armenia,2003,lower_middle
Armenia,2004,lower_middle
Armenia,2005,lower_middle
Armenia,2006,lower_middle
Armenia,2007,lower_middle
Armenia,2008,lower_middle
Armenia,2009,lower_middle
Armenia,2010,lower_middle
Armenia,2011,lower_middle
Armenia,2012,lower_middle
Armenia,2013,lower_middle
Armenia,2014,lower_middle
Armenia,2015,lower_middle
Armenia,2016,lower_middle
Armenia,2017,upper_middle
Armenia,2018,upper_middle
Armenia,2019,upper_middle
Armenia,2020,upper_middle
Armenia,2021,upper_middle
Armenia,2022,upper_middle
Armenia,2023,upper_middle
Armenia,2024,upper_middle
Armenia,2025,upper_middle
Aruba,1987,high_income
Aruba,1988,high_income
Aruba,1989,high_income
Aruba,1990,high_income
Aruba,1991,upper_middle
Aruba,1992,upper_middle
Aruba,1993,upper_middle
Aruba,1994,high_income
Aruba,1995,high_income
Aruba,1996,high_income
Aruba,1997,high_income
Aruba,1998,high_income
Aruba,1999,high_income
Aruba,2000,high_income
Aruba,2001,high_income
Aruba,2002,high_income
Aruba,2003,high_income
Aruba,2004,high_income
Aruba,2005,high_income
Aruba,2006,high_income
Aruba,2007,high_income
Aruba,2008,high_income
Aruba,2009,high_income
Aruba,2010,high_income
Aruba,2011,high_income
Aruba,2012,high_income
Aruba,2013,high_income
Aruba,2014,high_income
Aruba,2015,high_income
Aruba,2016,high_income
Aruba,2017,high_income
Aruba,2018,high_income
Aruba,2019,high_income
Aruba,2020,high_income
Aruba,2021,high_income
Aruba,2022,high_income
Aruba,2023,high_income
Aruba,2024,high_income
Aruba,2025,high_income
Australia,1987,high_income
Australia,1988,high_income
Australia,1989,high_income
Australia,1990,high_income
Australia,1991,high_income
Australia,1992,high_income
Australia,1993,high_income
Australia,1994,high_income
Australia,1995,high_income
Australia,1996,high_income
Australia,1997,high_income
Australia,1998,high_income
Australia,1999,high_income
Australia,2000,high_income
Australia,2001,high_income
Australia,2002,high_income
Australia,2003,high_income
Australia,2004,high_income
Australia,2005,high_income
Australia,2006,high_income
Australia,2007,high_income
Australia,2008,high_income
Australia,2009,high_income
Australia,2010,high_income
Australia,2011,high_income
Australia,2012,high_income
Australia,2013,high_income
Australia,2014,high_income
Australia,2015,high_income
Australia,2016,high_income
Australia,2017,high_income
Australia,2018,high_income
Australia,2019,high_income
Australia,2020,high_income
Australia,2021,high_income
Australia,2022,high_income
Australia,2023,high_income
Australia,2024,high_income
Australia,2025,high_income
Austria,1987,high_income
Austria,1988,high_income
Austria,1989,high_income
Austria,1990,high_income
Austria,1991,high_income
Austria,1992,high_income
Austria,1993,high_income
Austria,1994,high_income
Austria,1995,high_income
Austria,1996,high_income
Austria,1997,high_income
Austria,1998,high_income
Austria,1999,high_income
Austria,2000,high_income
Austria,2001,high_income
Austria,2002,high_income
Austria,2003,high_income
Austria,2004,high_income
Austria,2005,high_income
Austria,2006,high_income
Austria,2007,high_income
Austria,2008,high_income
Austria,2009,high_income
Austria,2010,high_income
Austria,2011,high_income
Austria,2012,high_income
Austria,2013,high_income
Austria,2014,high_income
Austria,2015,high_income
Austria,2016,high_income
Austria,2017,high_income
Austria,2018,high_income
Austria,2019,high_income
Austria,2020,high_income
Austria,2021,high_income
Austria,2022,high_income
Austria,2023,high_income
Austria,2024,high_income
Austria,2025,high_income
Azerbaijan,1991,lower_middle
Azerbaijan,1992,lower_middle
Azerbaijan,1993,lower_middle
Azerbaijan,1994,low_income
Azerbaijan,1995,low_income
Azerbaijan,1996,low_income
Azerbaijan,1997,low_income
Azerbaijan,1998,low_income
Azerbaijan,1999,low_income
Azerbaijan,2000,low_income
Azerbaijan,2001,low_income
Azerbaijan,2002,low_income
Azerbaijan,2003,lower_middle
Azerbaijan,2004,lower_middle
Azerbaijan,2005,lower_middle
Azerbaijan,2006,lower_middle
Azerbaijan,2007,lower_middle
Azerbaijan,2008,lower_middle
Azerbaijan,2009,upper_middle
Azerbaijan,2010,upper_middle
Azerbaijan,2011,upper_middle
Azerbaijan,2012,upper_middle
Azerbaijan,2013,upper_middle
Azerbaijan,2014,upper_middle
Azerbaijan,2015,upper_middle
Azerbaijan,2016,upper_middle
Azerbaijan,2017,upper_middle
Azerbaijan,2018,upper_middle
Azerbaijan,2019,upper_middle
Azerbaijan,2020,upper_middle
Azerbaijan,2021,upper_middle
Azerbaijan,2022,upper_middle
Azerbaijan,2023,upper_middle
Azerbaijan,2024,upper_middle
Azerbaijan,2025,upper_middle
Bahamas  The,2022,high_income
Bahamas  The,2023,high_income
Bahamas  The,2024,high_income
Bahamas  The,2025,high_income
"Bahamas, The",1987,high_income
"Bahamas, The",1988,high_income
"Bahamas, The",1989,high_income
"Bahamas, The",1990,high_income
"Bahamas, The",1991,high_income
"Bahamas, The",1992,high_income
"Bahamas, The",1993,high_income
"Bahamas, The",1994,high_income
"Bahamas, The",1995,high_income
"Bahamas, The",1996,high_income
"Bahamas, The",1997,high_income
"Bahamas, The",1998,high_income
"Bahamas, The",1999,high_income
"Bahamas, The",2000,high_income
"Bahamas, The",2001,high_income
"Bahamas, The",2002,high_income
"Bahamas, The",2003,high_income
"Bahamas, The",2004,high_income
"Bahamas, The",2005,high_income
"Bahamas, The",2006,high_income
"Bahamas, The",2007,high_income
"Bahamas, The",2008,high_income
"Bahamas, The",2009,high_income
"Bahamas, The",2010,high_income
"Bahamas, The",2011,high_income
"Bahamas, The",2012,high_income
"Bahamas, The",2013,high_income
"Bahamas, The",2014,high_income
"Bahamas, The",2015,high_income
"Bahamas, The",2016,high_income
"Bahamas, The",2017,high_income
"Bahamas, The",2018,high_income
"Bahamas, The",2019,high_income
"Bahamas, The",2020,high_income
"Bahamas, The",2021,high_income
"Bahamas, The",2022,high_income
"Bahamas, The",2023,high_income
"Bahamas, The",2024,high_income
"Bahamas, The",2025,high_income
Bahrain,1987,high_income
Bahrain,1988,high_income
Bahrain,1989,high_income
Bahrain,1990,upper_middle
Bahrain,1991,upper_middle
Bahrain,1992,upper_middle
Bahrain,1993,upper_middle
Bahrain,1994,upper_middle
Bahrain,1995,upper_middle
Bahrain,1996,upper_middle
Bahrain,1997,upper_middle
Bahrain,1998,upper_middle
Bahrain,1999,upper_middle
Bahrain,2000,upper_middle
Bahrain,2001,high_income
Bahrain,2002,high_income
Bahrain,2003,high_income
Bahrain,2004,high_income
Bahrain,2005,high_income
Bahrain,2006,high_income
Bahrain,2007,high_income
Bahrain,2008,high_income
Bahrain,2009,high_income
Bahrain,2010,high_income
Bahrain,2011,high_income
Bahrain,2012,high_income
Bahrain,2013,high_income
Bahrain,2014,high_income
Bahrain,2015,high_income
Bahrain,2016,high_income
Bahrain,2017,high_income
Bahrain,2018,high_income
Bahrain,2019,high_income
Bahrain,2020,high_income
Bahrain,2021,high_income
Bahrain,2022,high_income
Bahrain,2023,high_income
Bahrain,2024,high_income
Bahrain,2025,high_income
Bangladesh,1987,low_income
Bangladesh,1988,low_income
Bangladesh,1989,low_income
Bangladesh,1990,low_income
Bangladesh,1991,low_income
Bangladesh,1992,low_income
Bangladesh,1993,low_income
Bangladesh,1994,low_income
Bangladesh,1995,low_income
Bangladesh,1996,low_income
Bangladesh,1997,low_income
Bangladesh,1998,low_income
Bangladesh,1999,low_income
Bangladesh,2000,low_income
Bangladesh,2001,low_income
Bangladesh,2002,low_income
Bangladesh,2003,low_income
Bangladesh,2004,low_income
Bangladesh,2005,low_income
Bangladesh,2006,low_income
Bangladesh,2007,low_income
Bangladesh,2008,low_income
Bangladesh,2009,low_income
Bangladesh,2010,low_income
Bangladesh,2011,low_income
Bangladesh,2012,low_income
Bangladesh,2013,low_income
Bangladesh,2014,lower_middle
Bangladesh,2015,lower_middle
Bangladesh,2016,lower_middle
Bangladesh,2017,lower_middle
Bangladesh,2018,lower_middle
Bangladesh,2019,lower_middle
Bangladesh,2020,lower_middle
Bangladesh,2021,lower_middle
Bangladesh,2022,lower_middle
Bangladesh,2023,lower_middle
Bangladesh,2024,lower_middle
Bangladesh,2025,lower_middle
Barbados,1987,upper_middle
Barbados,1988,upper_middle
Barbados,1989,high_income
Barbados,1990,upper_middle
Barbados,1991,upper_middle
Barbados,1992,upper_middle
Barbados,1993,upper_middle
Barbados,1994,upper_middle
Barbados,1995,upper_middle
Barbados,1996,upper_middle
Barbados,1997,upper_middle
Barbados,1998,upper_middle
Barbados,1999,upper_middle
Barbados,2000,high_income
Barbados,2001,upper_middle
Barbados,2002,high_income
Barbados,2003,upper_middle
Barbados,2004,upper_middle
Barbados,2005,upper_middle
Barbados,2006,high_income
Barbados,2007,high_income
Barbados,2008,high_income
Barbados,2009,high_income
Barbados,2010,high_income
Barbados,2011,high_income
Barbados,2012,high_income
Barbados,2013,high_income
Barbados,2014,high_income
Barbados,2015,high_income
Barbados,2016,high_income
Barbados,2017,high_income
Barbados,2018,high_income
Barbados,2019,high_income
Barbados,2020,high_income
Barbados,2021,high_income
Barbados,2022,high_income
Barbados,2023,high_income
Barbados,2024,high_income
Barbados,2025,high_income
Belarus,1991,upper_middle
Belarus,1992,upper_middle
Belarus,1993,upper_middle
Belarus,1994,lower_middle
Belarus,1995,lower_middle
Belarus,1996,lower_middle
Belarus,1997,lower_middle
Belarus,1998,lower_middle
Belarus,1999,lower_middle
Belarus,2000,lower_middle
Belarus,2001,lower_middle
Belarus,2002,lower_middle
Belarus,2003,lower_middle
Belarus,2004,lower_middle
Belarus,2005,lower_middle
Belarus,2006,lower_middle
Belarus,2007,upper_middle
Belarus,2008,upper_middle
Belarus,2009,upper_middle
Belarus,2010,upper_middle
Belarus,2011,upper_middle
Belarus,2012,upper_middle
Belarus,2013,upper_middle
Belarus,2014,upper_middle
Belarus,2015,upper_middle
Belarus,2016,upper_middle
Belarus,2017,upper_middle
Belarus,2018,upper_middle
Belarus,2019,upper_middle
Belarus,2020,upper_middle
Belarus,2021,upper_middle
Belarus,2022,upper_middle
Belarus,2023,upper_middle
Belarus,2024,upper_middle
Belarus,2025,upper_middle
Belgium,1987,high_income
Belgium,1988,high_income
Belgium,1989,high_income
Belgium,1990,high_income
Belgium,1991,high_income
Belgium,1992,high_income
Belgium,1993,high_income
Belgium,1994,high_income
Belgium,1995,high_income
Belgium,1996,high_income
Belgium,1997,high_income
Belgium,1998,high_income
Belgium,1999,high_income
Belgium,2000,high_income
Belgium,2001,high_income
Belgium,2002,high_income
Belgium,2003,high_income
Belgium,2004,high_income
Belgium,2005,high_income
Belgium,2006,high_income
Belgium,2007,high_income
Belgium,2008,high_income
Belgium,2009,high_income
Belgium,2010,high_income
Belgium,2011,high_income
Belgium,2012,high_income
Belgium,2013,high_income
Belgium,2014,high_income
Belgium,2015,high_income
Belgium,2016,high_income
Belgium,2017,high_income
Belgium,2018,high_income
Belgium,2019,high_income
Belgium,2020,high_income
Belgium,2021,high_income
Belgium,2022,high_income
Belgium,2023,high_income
Belgium,2024,high_income
Belgium,2025,high_income
Belize,1987,lower_middle
Belize,1988,lower_middle
Belize,1989,lower_middle
Belize,1990,lower_middle
Belize,1991,lower_middle
Belize,1992,lower_middle
Belize,1993,lower_middle
Belize,1994,lower_middle
Belize,1995,lower_middle
Belize,1996,lower_middle
Belize,1997,lower_middle
Belize,1998,lower_middle
Belize,1999,lower_middle
Belize,2000,lower_middle
Belize,2001,lower_middle
Belize,2002,upper_middle
Belize,2003,upper_middle
Belize,2004,upper_middle
Belize,2005,upper_middle
Belize,2006,upper_middle
Belize,2007,upper_middle
Belize,2008,lower_middle
Belize,2009,lower_middle
Belize,2010,lower_middle
Belize,2011,lower_middle
Belize,2012,upper_middle
Belize,2013,upper_middle
Belize,2014,upper_middle
Belize,2015,upper_middle
Belize,2016,upper_middle
Belize,2017,upper_middle
Belize,2018,upper_middle
Belize,2019,upper_middle
Belize,2020,lower_middle
Belize,2021,upper_middle
Belize,2022,upper_middle
Belize,2023,upper_middle
Belize,2024,upper_middle
Belize,2025,upper_middle
Benin,1987,low_income
Benin,1988,low_income
Benin,1989,low_income
Benin,1990,low_income
Benin,1991,low_income
Benin,1992,low_income
Benin,1993,low_income
Benin,1994,low_income
Benin,1995,low_income
Benin,1996,low_income
Benin,1997,low_income
Benin,1998,low_income
Benin,1999,low_income
Benin,2000,low_income
Benin,2001,low_income
Benin,2002,low_income
Benin,2003,low_income
Benin,2004,low_income
Benin,2005,low_income
Benin,2006,low_income
Benin,2007,low_income
Benin,2008,low_income
Benin,2009,low_income
Benin,2010,low_income
Benin,2011,low_income
Benin,2012,low_income
Benin,2013,low_income
Benin,2014,low_income
Benin,2015,low_income
Benin,2016,low_income
Benin,2017,low_income
Benin,2018,low_income
Benin,2019,lower_middle
Benin,2020,lower_middle
Benin,2021,lower_middle
Benin,2022,lower_middle
Benin,2023,lower_middle
Benin,2024,lower_middle
Benin,2025,lower_middle
Bermuda,1987,high_income
Bermuda,1988,high_income
Bermuda,1989,high_income
Bermuda,1990,high_income
Bermuda,1991,high_income
Bermuda,1992,high_income
Bermuda,1993,high_income
Bermuda,1994,high_income
Bermuda,1995,high_income
Bermuda,1996,high_income
Bermuda,1997,high_income
Bermuda,1998,high_income
Bermuda,1999,high_income
Bermuda,2000,high_income
Bermuda,2001,high_income
Bermuda,2002,high_income
Bermuda,2003,high_income
Bermuda,2004,high_income
Bermuda,2005,high_income
Bermuda,2006,high_income
Bermuda,2007,high_income
Bermuda,2008,high_income
Bermuda,2009,high_income
Bermuda,2010,high_income
Bermuda,2011,high_income
Bermuda,2012,high_income
Bermuda,2013,high_income
Bermuda,2014,high_income
Bermuda,2015,high_income
Bermuda,2016,high_income
Bermuda,2017,high_income
Bermuda,2018,high_income
Bermuda,2019,high_income
Bermuda,2020,high_income
Bermuda,2021,high_income
Bermuda,2022,high_income
Bermuda,2023,high_income
Bermuda,2024,high_income
Bermuda,2025,high_income
Bhutan,1987,low_income
Bhutan,1988,low_income
Bhutan,1989,low_income
Bhutan,1990,low_income
Bhutan,1991,low_income
Bhutan,1992,low_income
Bhutan,1993,low_income
Bhutan,1994,low_income
Bhutan,1995,low_income
Bhutan,1996,low_income
Bhutan,1997,low_income
Bhutan,1998,low_income
Bhutan,1999,low_income
Bhutan,2000,low_income
Bhutan,2001,low_income
Bhutan,2002,low_income
Bhutan,2003,low_income
Bhutan,2004,low_income
Bhutan,2005,low_income
Bhutan,2006,lower_middle
Bhutan,2007,lower_middle
Bhutan,2008,lower_middle
Bhutan,2009,lower_middle
Bhutan,2010,lower_middle
Bhutan,2011,lower_middle
Bhutan,2012,lower_middle
Bhutan,2013,lower_middle
Bhutan,2014,lower_middle
Bhutan,2015,lower_middle
Bhutan,2016,lower_middle
Bhutan,2017,lower_middle
Bhutan,2018,lower_middle
Bhutan,2019,lower_middle
Bhutan,2020,lower_middle
Bhutan,2021,lower_middle
Bhutan,2022,lower_middle
Bhutan,2023,lower_middle
Bhutan,2024,lower_middle
Bhutan,2025,lower_middle
Bolivia,1987,lower_middle
Bolivia,1988,lower_middle
Bolivia,1989,lower_middle
Bolivia,1990,lower_middle
Bolivia,1991,lower_middle
Bolivia,1992,lower_middle
Bolivia,1993,lower_middle
Bolivia,1994,lower_middle
Bolivia,1995,lower_middle
Bolivia,1996,lower_middle
Bolivia,1997,lower_middle
Bolivia,1998,lower_middle
Bolivia,1999,lower_middle
Bolivia,2000,lower_middle
Bolivia,2001,lower_middle
Bolivia,2002,lower_middle
Bolivia,2003,lower_middle
Bolivia,2004,lower_middle
Bolivia,2005,lower_middle
Bolivia,2006,lower_middle
Bolivia,2007,lower_middle
Bolivia,2008,lower_middle
Bolivia,2009,lower_middle
Bolivia,2010,lower_middle
Bolivia,2011,lower_middle
Bolivia,2012,lower_middle
Bolivia,2013,lower_middle
Bolivia,2014,lower_middle
Bolivia,2015,lower_middle
Bolivia,2016,lower_middle
Bolivia,2017,lower_middle
Bolivia,2018,lower_middle
Bolivia,2019,lower_middle
Bolivia,2020,lower_middle
Bolivia,2021,lower_middle
Bolivia,2022,lower_middle
Bolivia,2023,lower_middle
Bolivia,2024,lower_middle
Bolivia,2025,lower_middle
Bosnia and Herzegovina,1992,lower_middle
Bosnia and Herzegovina,1993,low_income
Bosnia and Herzegovina,1994,low_income
Bosnia and Herzegovina,1995,low_income
Bosnia and Herzegovina,1996,low_income
Bosnia and Herzegovina,1997,low_income
Bosnia and Herzegovina,1998,lower_middle
Bosnia and Herzegovina,1999,lower_middle
Bosnia and Herzegovina,2000,lower_middle
Bosnia and Herzegovina,2001,lower_middle
Bosnia and Herzegovina,2002,lower_middle
Bosnia and Herzegovina,2003,lower_middle
Bosnia and Herzegovina,2004,lower_middle
Bosnia and Herzegovina,2005,lower_middle
Bosnia and Herzegovina,2006,lower_middle
Bosnia and Herzegovina,2007,lower_middle
Bosnia and Herzegovina,2008,upper_middle
Bosnia and Herzegovina,2009,upper_middle
Bosnia and Herzegovina,2010,upper_middle
Bosnia and Herzegovina,2011,upper_middle
Bosnia and Herzegovina,2012,upper_middle
Bosnia and Herzegovina,2013,upper_middle
Bosnia and Herzegovina,2014,upper_middle
Bosnia and Herzegovina,2015,upper_middle
Bosnia and Herzegovina,2016,upper_middle
Bosnia and Herzegovina,2017,upper_middle
Bosnia and Herzegovina,2018,upper_middle
Bosnia and Herzegovina,2019,upper_middle
Bosnia and Herzegovina,2020,upper_middle
Bosnia and Herzegovina,2021,upper_middle
Bosnia and Herzegovina,2022,upper_middle
Bosnia and Herzegovina,2023,upper_middle
Bosnia and Herzegovina,2024,upper_middle
Bosnia and Herzegovina,2025,upper_middle
Botswana,1987,lower_middle
Botswana,1988,lower_middle
Botswana,1989,lower_middle
Botswana,1990,lower_middle
Botswana,1991,upper_middle
Botswana,1992,upper_middle
Botswana,1993,lower_middle
Botswana,1994,lower_middle
Botswana,1995,lower_middle
Botswana,1996,lower_middle
Botswana,1997,upper_middle
Botswana,1998,upper_middle
Botswana,1999,upper_middle
Botswana,2000,upper_middle
Botswana,2001,upper_middle
Botswana,2002,upper_middle
Botswana,2003,upper_middle
Botswana,2004,upper_middle
Botswana,2005,upper_middle
Botswana,2006,upper_middle
Botswana,2007,upper_middle
Botswana,2008,upper_middle
Botswana,2009,upper_middle
Botswana,2010,upper_middle
Botswana,2011,upper_middle
Botswana,2012,upper_middle
Botswana,2013,upper_middle
Botswana,2014,upper_middle
Botswana,2015,upper_middle
Botswana,2016,upper_middle
Botswana,2017,upper_middle
Botswana,2018,upper_middle
Botswana,2019,upper_middle
Botswana,2020,upper_middle
Botswana,2021,upper_middle
Botswana,2022,upper_middle
Botswana,2023,upper_middle
Botswana,2024,upper_middle
Botswana,2025,upper_middle
Brazil,1987,upper_middle
Brazil,1988,lower_middle
Brazil,1989,upper_middle
Brazil,1990,upper_middle
Brazil,1991,upper_middle
Brazil,1992,upper_middle
Brazil,1993,upper_middle
Brazil,1994,upper_middle
Brazil,1995,upper_middle
Brazil,1996,upper_middle
Brazil,1997,upper_middle
Brazil,1998,upper_middle
Brazil,1999,upper_middle
Brazil,2000,upper_middle
Brazil,2001,upper_middle
Brazil,2002,lower_middle
Brazil,2003,lower_middle
Brazil,2004,lower_middle
Brazil,2005,lower_middle
Brazil,2006,upper_middle
Brazil,2007,upper_middle
Brazil,2008,upper_middle
Brazil,2009,upper_middle
Brazil,2010,upper_middle
Brazil,2011,upper_middle
Brazil,2012,upper_middle
Brazil,2013,upper_middle
Brazil,2014,upper_middle
Brazil,2015,upper_middle
Brazil,2016,upper_middle
Brazil,2017,upper_middle
Brazil,2018,upper_middle
Brazil,2019,upper_middle
Brazil,2020,upper_middle
Brazil,2021,upper_middle
Brazil,2022,upper_middle
Brazil,2023,upper_middle
Brazil,2024,upper_middle
Brazil,2025,upper_middle
British Virgin Islands,2015,high_income
British Virgin Islands,2016,high_income
British Virgin Islands,2017,high_income
British Virgin Islands,2018,high_income
British Virgin Islands,2019,high_income
British Virgin Islands,2020,high_income
British Virgin Islands,2021,high_income
British Virgin Islands,2022,high_income
British Virgin Islands,2023,high_income
British Virgin Islands,2024,high_income
British Virgin Islands,2025,high_income
Brunei Darussalam,1987,high_income
Brunei Darussalam,1990,high_income
Brunei Darussalam,1991,high_income
Brunei Darussalam,1992,high_income
Brunei Darussalam,1993,high_income
Brunei Darussalam,1994,high_income
Brunei Darussalam,1995,high_income
Brunei Darussalam,1996,high_income
Brunei Darussalam,1997,high_income
Brunei Darussalam,1998,high_income
Brunei Darussalam,1999,high_income
Brunei Darussalam,2000,high_income
Brunei Darussalam,2001,high_income
Brunei Darussalam,2002,high_income
Brunei Darussalam,2003,high_income
Brunei Darussalam,2004,high_income
Brunei Darussalam,2005,high_income
Brunei Darussalam,2006,high_income
Brunei Darussalam,2007,high_income
Brunei Darussalam,2008,high_income
Brunei Darussalam,2009,high_income
Brunei Darussalam,2010,high_income
Brunei Darussalam,2011,high_income
Brunei Darussalam,2012,high_income
Brunei Darussalam,2013,high_income
Brunei Darussalam,2014,high_income
Brunei Darussalam,2015,high_income
Brunei Darussalam,2016,high_income
Brunei Darussalam,2017,high_income
Brunei Darussalam,2018,high_income
Brunei Darussalam,2019,high_income
Brunei Darussalam,2020,high_income
Brunei Darussalam,2021,high_income
Brunei Darussalam,2022,high_income
Brunei Darussalam,2023,high_income
Brunei Darussalam,2024,high_income
Brunei Darussalam,2025,high_income
Bulgaria,1989,lower_middle
Bulgaria,1990,lower_middle
Bulgaria,1991,lower_middle
Bulgaria,1992,lower_middle
Bulgaria,1993,lower_middle
Bulgaria,1994,lower_middle
Bulgaria,1995,lower_middle
Bulgaria,1996,lower_middle
Bulgaria,1997,lower_middle
Bulgaria,1998,lower_middle
Bulgaria,1999,lower_middle
Bulgaria,2000,lower_middle
Bulgaria,2001,lower_middle
Bulgaria,2002,lower_middle
Bulgaria,2003,lower_middle
Bulgaria,2004,lower_middle
Bulgaria,2005,lower_middle
Bulgaria,2006,upper_middle
Bulgaria,2007,upper_middle
Bulgaria,2008,upper_middle
Bulgaria,2009,upper_middle
Bulgaria,2010,upper_middle
Bulgaria,2011,upper_middle
Bulgaria,2012,upper_middle
Bulgaria,2013,upper_middle
Bulgaria,2014,upper_middle
Bulgaria,2015,upper_middle
Bulgaria,2016,upper_middle
Bulgaria,2017,upper_middle
Bulgaria,2018,upper_middle
Bulgaria,2019,upper_middle
Bulgaria,2020,upper_middle
Bulgaria,2021,upper_middle
Bulgaria,2022,high_income
Bulgaria,2023,high_income
Bulgaria,2024,high_income
Bulgaria,2025,high_income
Burkina Faso,1987,low_income
Burkina Faso,1988,low_income
Burkina Faso,1989,low_income
Burkina Faso,1990,low_income
Burkina Faso,1991,low_income
Burkina Faso,1992,low_income
Burkina Faso,1993,low_income
Burkina Faso,1994,low_income
Burkina Faso,1995,low_income
Burkina Faso,1996,low_income
Burkina Faso,1997,low_income
Burkina Faso,1998,low_income
Burkina Faso,1999,low_income
Burkina Faso,2000,low_income
Burkina Faso,2001,low_income
Burkina Faso,2002,low_income
Burkina Faso,2003,low_income
Burkina Faso,2004,low_income
Burkina Faso,2005,low_income
Burkina Faso,2006,low_income
Burkina Faso,2007,low_income
Burkina Faso,2008,low_income
Burkina Faso,2009,low_income
Burkina Faso,2010,low_income
Burkina Faso,2011,low_income
Burkina Faso,2012,low_income
Burkina Faso,2013,low_income
Burkina Faso,2014,low_income
Burkina Faso,2015,low_income
Burkina Faso,2016,low_income
Burkina Faso,2017,low_income
Burkina Faso,2018,low_income
Burkina Faso,2019,low_income
Burkina Faso,2020,low_income
Burkina Faso,2021,low_income
Burkina Faso,2022,low_income
Burkina Faso,2023,low_income
Burkina Faso,2024,low_income
Burkina Faso,2025,low_income
Burundi,1987,low_income
Burundi,1988,low_income
Burundi,1989,low_income
Burundi,1990,low_income
Burundi,1991,low_income
Burundi,1992,low_income
Burundi,1993,low_income
Burundi,1994,low_income
Burundi,1995,low_income
Burundi,1996,low_income
Burundi,1997,low_income
Burundi,1998,low_income
Burundi,1999,low_income
Burundi,2000,low_income
Burundi,2001,low_income
Burundi,2002,low_income
Burundi,2003,low_income
Burundi,2004,low_income
Burundi,2005,low_income
Burundi,2006,low_income
Burundi,2007,low_income
Burundi,2008,low_income
Burundi,2009,low_income
Burundi,2010,low_income
Burundi,2011,low_income
Burundi,2012,low_income
Burundi,2013,low_income
Burundi,2014,low_income
Burundi,2015,low_income
Burundi,2016,low_income
Burundi,2017,low_income
Burundi,2018,low_income
Burundi,2019,low_income
Burundi,2020,low_income
Burundi,2021,low_income
Burundi,2022,low_income
Burundi,2023,low_income
Burundi,2024,low_income
Burundi,2025,low_income
Cabo Verde,1988,lower_middle
Cabo Verde,1989,lower_middle
Cabo Verde,1990,lower_middle
Cabo Verde,1991,lower_middle
Cabo Verde,1992,lower_middle
Cabo Verde,1993,lower_middle
Cabo Verde,1994,lower_middle
Cabo Verde,1995,lower_middle
Cabo Verde,1996,lower_middle
Cabo Verde,1997,lower_middle
Cabo Verde,1998,lower_middle
Cabo Verde,1999,lower_middle
Cabo Verde,2000,lower_middle
Cabo Verde,2001,lower_middle
Cabo Verde,2002,lower_middle
Cabo Verde,2003,lower_middle
Cabo Verde,2004,lower_middle
Cabo Verde,2005,lower_middle
Cabo Verde,2006,lower_middle
Cabo Verde,2007,lower_middle
Cabo Verde,2008,lower_middle
Cabo Verde,2009,lower_middle
Cabo Verde,2010,lower_middle
Cabo Verde,2011,lower_middle
Cabo Verde,2012,lower_middle
Cabo Verde,2013,lower_middle
Cabo Verde,2014,lower_middle
Cabo Verde,2015,lower_middle
Cabo Verde,2016,lower_middle
Cabo Verde,2017,lower_middle
Cabo Verde,2018,lower_middle
Cabo Verde,2019,lower_middle
Cabo Verde,2020,lower_middle
Cabo Verde,2021,lower_middle
Cabo Verde,2022,upper_middle
Cabo Verde,2023,upper_middle
Cabo Verde,2024,upper_middle
Cabo Verde,2025,upper_middle
Cambodia,1987,low_income
Cambodia,1988,low_income
Cambodia,1989,low_income
Cambodia,1990,low_income
Cambodia,1991,low_income
Cambodia,1992,low_income
Cambodia,1993,low_income
Cambodia,1994,low_income
Cambodia,1995,low_income
Cambodia,1996,low_income
Cambodia,1997,low_income
Cambodia,1998,low_income
Cambodia,1999,low_income
Cambodia,2000,low_income
Cambodia,2001,low_income
Cambodia,2002,low_income
Cambodia,2003,low_income
Cambodia,2004,low_income
Cambodia,2005,low_income
Cambodia,2006,low_income
Cambodia,2007,low_income
Cambodia,2008,low_income
Cambodia,2009,low_income
Cambodia,2010,low_income
Cambodia,2011,low_income
Cambodia,2012,low_income
Cambodia,2013,low_income
Cambodia,2014,low_income
Cambodia,2015,lower_middle
Cambodia,2016,lower_middle
Cambodia,2017,lower_middle
Cambodia,2018,lower_middle
Cambodia,2019,lower_middle
Cambodia,2020,lower_middle
Cambodia,2021,lower_middle
Cambodia,2022,lower_middle
Cambodia,2023,lower_middle
Cambodia,2024,lower_middle
Cambodia,2025,lower_middle
Cameroon,1987,lower_middle
Cameroon,1988,lower_middle
Cameroon,1989,lower_middle
Cameroon,1990,lower_middle
Cameroon,1991,lower_middle
Cameroon,1992,lower_middle
Cameroon,1993,lower_middle
Cameroon,1994,low_income
Cameroon,1995,low_income
Cameroon,1996,low_income
Cameroon,1997,low_income
Cameroon,1998,low_income
Cameroon,1999,low_income
Cameroon,2000,low_income
Cameroon,2001,low_income
Cameroon,2002,low_income
Cameroon,2003,low_income
Cameroon,2004,low_income
Cameroon,2005,lower_middle
Cameroon,2006,lower_middle
Cameroon,2007,lower_middle
Cameroon,2008,lower_middle
Cameroon,2009,lower_middle
Cameroon,2010,lower_middle
Cameroon,2011,lower_middle
Cameroon,2012,lower_middle
Cameroon,2013,lower_middle
Cameroon,2014,lower_middle
Cameroon,2015,lower_middle
Cameroon,2016,lower_middle
Cameroon,2017,lower_middle
Cameroon,2018,lower_middle
Cameroon,2019,lower_middle
Cameroon,2020,lower_middle
Cameroon,2021,lower_middle
Cameroon,2022,lower_middle
Cameroon,2023,lower_middle
Cameroon,2024,lower_middle
Cameroon,2025,lower_middle
Canada,1987,high_income
Canada,1988,high_income
Canada,1989,high_income
Canada,1990,high_income
Canada,1991,high_income
Canada,1992,high_income
Canada,1993,high_income
Canada,1994,high_income
Canada,1995,high_income
Canada,1996,high_income
Canada,1997,high_income
Canada,1998,high_income
Canada,1999,high_income
Canada,2000,high_income
Canada,2001,high_income
Canada,2002,high_income
Canada,2003,high_income
Canada,2004,high_income
Canada,2005,high_income
Canada,2006,high_income
Canada,2007,high_income
Canada,2008,high_income
Canada,2009,high_income
Canada,2010,high_income
Canada,2011,high_income
Canada,2012,high_income
Canada,2013,high_income
Canada,2014,high_income
Canada,2015,high_income
Canada,2016,high_income
Canada,2017,high_income
Canada,2018,high_income
Canada,2019,high_income
Canada,2020,high_income
Canada,2021,high_income
Canada,2022,high_income
Canada,2023,high_income
Canada,2024,high_income
Canada,2025,high_income
Cayman Islands,1993,high_income
Cayman Islands,1994,high_income
Cayman Islands,1995,high_income
Cayman Islands,1996,high_income
Cayman Islands,1997,high_income
Cayman Islands,1998,high_income
Cayman Islands,1999,high_income
Cayman Islands,2000,high_income
Cayman Islands,2001,high_income
Cayman Islands,2002,high_income
Cayman Islands,2003,high_income
Cayman Islands,2004,high_income
Cayman Islands,2005,high_income
Cayman Islands,2006,high_income
Cayman Islands,2007,high_income
Cayman Islands,2008,high_income
Cayman Islands,2009,high_income
Cayman Islands,2010,high_income
Cayman Islands,2011,high_income
Cayman Islands,2012,high_income
Cayman Islands,2013,high_income
Cayman Islands,2014,high_income
Cayman Islands,2015,high_income
Cayman Islands,2016,high_income
Cayman Islands,2017,high_income
Cayman Islands,2018,high_income
Cayman Islands,2019,high_income
Cayman Islands,2020,high_income
Cayman Islands,2021,high_income
Cayman Islands,2022,high_income
Cayman Islands,2023,high_income
Cayman Islands,2024,high_income
Cayman Islands,2025,high_income
Central African Republic,1987,low_income
Central African Republic,1988,low_income
Central African Republic,1989,low_income
Central African Republic,1990,low_income
Central African Republic,1991,low_income
Central African Republic,1992,low_income
Central African Republic,1993,low_income
Central African Republic,1994,low_income
Central African Republic,1995,low_income
Central African Republic,1996,low_income
Central African Republic,1997,low_income
Central African Republic,1998,low_income
Central African Republic,1999,low_income
Central African Republic,2000,low_income
Central African Republic,2001,low_income
Central African Republic,2002,low_income
Central African Republic,2003,low_income
Central African Republic,2004,low_income
Central African Republic,2005,low_income
Central African Republic,2006,low_income
Central African Republic,2007,low_income
Central African Republic,2008,low_income
Central African Republic,2009,low_income
Central African Republic,2010,low_income
Central African Republic,2011,low_income
Central African Republic,2012,low_income
Central African Republic,2013,low_income
Central African Republic,2014,low_income
Central African Republic,2015,low_income
Central African Republic,2016,low_income
Central African Republic,2017,low_income
Central African Republic,2018,low_income
Central African Republic,2019,low_income
Central African Republic,2020,low_income
Central African Republic,2021,low_income
Central African Republic,2022,low_income
Central African Republic,2023,low_income
Central African Republic,2024,low_income
Central African Republic,2025,low_income
Chad,1987,low_income
Chad,1988,low_income
Chad,1989,low_income
Chad,1990,low_income
Chad,1991,low_income
Chad,1992,low_income
Chad,1993,low_income
Chad,1994,low_income
Chad,1995,low_income
Chad,1996,low_income
Chad,1997,low_income
Chad,1998,low_income
Chad,1999,low_income
Chad,2000,low_income
Chad,2001,low_income
Chad,2002,low_income
Chad,2003,low_income
Chad,2004,low_income
Chad,2005,low_income
Chad,2006,low_income
Chad,2007,low_income
Chad,2008,low_income
Chad,2009,low_income
Chad,2010,low_income
Chad,2011,low_income
Chad,2012,low_income
Chad,2013,low_income
Chad,2014,low_income
Chad,2015,low_income
Chad,2016,low_income
Chad,2017,low_income
Chad,2018,low_income
Chad,2019,low_income
Chad,2020,low_income
Chad,2021,low_income
Chad,2022,low_income
Chad,2023,low_income
Chad,2024,low_income
Chad,2025,low_income
Channel Islands,1987,high_income
Channel Islands,1988,high_income
Channel Islands,1989,high_income
Channel Islands,1990,high_income
Channel Islands,1991,high_income
Channel Islands,1992,high_income
Channel Islands,1993,high_income
Channel Islands,1994,high_income
Channel Islands,1995,high_income
Channel Islands,1996,high_income
Channel Islands,1997,high_income
Channel Islands,1998,high_income
Channel Islands,1999,high_income
Channel Islands,2000,high_income
Channel Islands,2001,high_income
Channel Islands,2002,high_income
Channel Islands,2003,high_income
Channel Islands,2004,high_income
Channel Islands,2005,high_income
Channel Islands,2006,high_income
Channel Islands,2007,high_income
Channel Islands,2008,high_income
Channel Islands,2009,high_income
Channel Islands,2010,high_income
Channel Islands,2011,high_income
Channel Islands,2012,high_income
Channel Islands,2013,high_income
Channel Islands,2014,high_income
Channel Islands,2015,high_income
Channel Islands,2016,high_income
Channel Islands,2017,high_income
Channel Islands,2018,high_income
Channel Islands,2019,high_income
Channel Islands,2020,high_income
Channel Islands,2021,high_income
Channel Islands,2022,high_income
Channel Islands,2023,high_income
Channel Islands,2024,high_income
Channel Islands,2025,high_income
Chile,1987,lower_middle
Chile,1988,lower_middle
Chile,1989,lower_middle
Chile,1990,lower_middle
Chile,1991,lower_middle
Chile,1992,lower_middle
Chile,1993,upper_middle
Chile,1994,upper_middle
Chile,1995,upper_middle
Chile,1996,upper_middle
Chile,1997,upper_middle
Chile,1998,upper_middle
Chile,1999,upper_middle
Chile,2000,upper_middle
Chile,2001,upper_middle
Chile,2002,upper_middle
Chile,2003,upper_middle
Chile,2004,upper_middle
Chile,2005,upper_middle
Chile,2006,upper_middle
Chile,2007,upper_middle
Chile,2008,upper_middle
Chile,2009,upper_middle
Chile,2010,upper_middle
Chile,2011,upper_middle
Chile,2012,high_income
Chile,2013,high_income
Chile,2014,high_income
Chile,2015,high_income
Chile,2016,high_income
Chile,2017,high_income
Chile,2018,high_income
Chile,2019,high_income
Chile,2020,high_income
Chile,2021,high_income
Chile,2022,high_income
Chile,2023,high_income
Chile,2024,high_income
Chile,2025,high_income
China,1987,low_income
China,1988,low_income
China,1989,low_income
China,1990,low_income
China,1991,low_income
China,1992,low_income
China,1993,low_income
China,1994,low_income
China,1995,low_income
China,1996,low_income
China,1997,lower_middle
China,1998,low_income
China,1999,lower_middle
China,2000,lower_middle
China,2001,lower_middle
China,2002,lower_middle
China,2003,lower_middle
China,2004,lower_middle
China,2005,lower_middle
China,2006,lower_middle
China,2007,lower_middle
China,2008,lower_middle
China,2009,lower_middle
China,2010,upper_middle
China,2011,upper_middle
China,2012,upper_middle
China,2013,upper_middle
China,2014,upper_middle
China,2015,upper_middle
China,2016,upper_middle
China,2017,upper_middle
China,2018,upper_middle
China,2019,upper_middle
China,2020,upper_middle
China,2021,upper_middle
China,2022,upper_middle
China,2023,upper_middle
China,2024,upper_middle
China,2025,upper_middle
Colombia,1987,lower_middle
Colombia,1988,lower_middle
Colombia,1989,lower_middle
Colombia,1990,lower_middle
Colombia,1991,lower_middle
Colombia,1992,lower_middle
Colombia,1993,lower_middle
Colombia,1994,lower_middle
Colombia,1995,lower_middle
Colombia,1996,lower_middle
Colombia,1997,lower_middle
Colombia,1998,lower_middle
Colombia,1999,lower_middle
Colombia,2000,lower_middle
Colombia,2001,lower_middle
Colombia,2002,lower_middle
Colombia,2003,lower_middle
Colombia,2004,lower_middle
Colombia,2005,lower_middle
Colombia,2006,lower_middle
Colombia,2007,lower_middle
Colombia,2008,upper_middle
Colombia,2009,upper_middle
Colombia,2010,upper_middle
Colombia,2011,upper_middle
Colombia,2012,upper_middle
Colombia,2013,upper_middle
Colombia,2014,upper_middle
Colombia,2015,upper_middle
Colombia,2016,upper_middle
Colombia,2017,upper_middle
Colombia,2018,upper_middle
Colombia,2019,upper_middle
Colombia,2020,upper_middle
Colombia,2021,upper_middle
Colombia,2022,upper_middle
Colombia,2023,upper_middle
Colombia,2024,upper_middle
Colombia,2025,upper_middle
Comoros,1987,low_income
Comoros,1988,low_income
Comoros,1989,low_income
Comoros,1990,low_income
Comoros,1991,low_income
Comoros,1992,low_income
Comoros,1993,low_income
Comoros,1994,low_income
Comoros,1995,low_income
Comoros,1996,low_income
Comoros,1997,low_income
Comoros,1998,low_income
Comoros,1999,low_income
Comoros,2000,low_income
Comoros,2001,low_income
Comoros,2002,low_income
Comoros,2003,low_income
Comoros,2004,low_income
Comoros,2005,low_income
Comoros,2006,low_income
Comoros,2007,low_income
Comoros,2008,low_income
Comoros,2009,low_income
Comoros,2010,low_income
Comoros,2011,low_income
Comoros,2012,low_income
Comoros,2013,low_income
Comoros,2014,low_income
Comoros,2015,low_income
Comoros,2016,low_income
Comoros,2017,low_income
Comoros,2018,lower_middle
Comoros,2019,lower_middle
Comoros,2020,lower_middle
Comoros,2021,lower_middle
Comoros,2022,lower_middle
Comoros,2023,lower_middle
Comoros,2024,lower_middle
Comoros,2025,lower_middle
Congo  Dem. Rep.,2022,low_income
Congo  Dem. Rep.,2023,low_income
Congo  Dem. Rep.,2024,low_income
Congo  Dem. Rep.,2025,low_income
Congo  Rep.,2022,lower_middle
Congo  Rep.,2023,lower_middle
Congo  Rep.,2024,lower_middle
Congo  Rep.,2025,lower_middle
"Congo, Dem. Rep.",1987,low_income
"Congo, Dem. Rep.",1988,low_income
"Congo, Dem. Rep.",1989,low_income
"Congo, Dem. Rep.",1990,low_income
"Congo, Dem. Rep.",1991,low_income
"Congo, Dem. Rep.",1992,low_income
"Congo, Dem. Rep.",1993,low_income
"Congo, Dem. Rep.",1994,low_income
"Congo, Dem. Rep.",1995,low_income
"Congo, Dem. Rep.",1996,low_income
"Congo, Dem. Rep.",1997,low_income
"Congo, Dem. Rep.",1998,low_income
"Congo, Dem. Rep.",1999,low_income
"Congo, Dem. Rep.",2000,low_income
"Congo, Dem. Rep.",2001,low_income
"Congo, Dem. Rep.",2002,low_income
"Congo, Dem. Rep.",2003,low_income
"Congo, Dem. Rep.",2004,low_income
"Congo, Dem. Rep.",2005,low_income
"Congo, Dem. Rep.",2006,low_income
"Congo, Dem. Rep.",2007,low_income
"Congo, Dem. Rep.",2008,low_income
"Congo, Dem. Rep.",2009,low_income
"Congo, Dem. Rep.",2010,low_income
"Congo, Dem. Rep.",2011,low_income
"Congo, Dem. Rep.",2012,low_income
"Congo, Dem. Rep.",2013,low_income
"Congo, Dem. Rep.",2014,low_income
"Congo, Dem. Rep.",2015,low_income
"Congo, Dem. Rep.",2016,low_income
"Congo, Dem. Rep.",2017,low_income
"Congo, Dem. Rep.",2018,low_income
"Congo, Dem. Rep.",2019,low_income
"Congo, Dem. Rep.",2020,low_income
"Congo, Dem. Rep.",2021,low_income
"Congo, Dem. Rep.",2022,low_income
"Congo, Dem. Rep.",2023,low_income
"Congo, Dem. Rep.",2024,low_income
"Congo, Dem. Rep.",2025,low_income
"Congo, Rep.",1987,lower_middle
"Congo, Rep.",1988,lower_middle
"Congo, Rep.",1989,lower_middle
"Congo, Rep.",1990,lower_middle
"Congo, Rep.",1991,lower_middle
"Congo, Rep.",1992,lower_middle
"Congo, Rep.",1993,lower_middle
"Congo, Rep.",1994,low_income
"Congo, Rep.",1995,low_income
"Congo, Rep.",1996,low_income
"Congo, Rep.",1997,low_income
"Congo, Rep.",1998,low_income
"Congo, Rep.",1999,low_income
"Congo, Rep.",2000,low_income
"Congo, Rep.",2001,low_income
"Congo, Rep.",2002,low_income
"Congo, Rep.",2003,low_income
"Congo, Rep.",2004,low_income
"Congo, Rep.",2005,lower_middle
"Congo, Rep.",2006,lower_middle
"Congo, Rep.",2007,lower_middle
"Congo, Rep.",2008,lower_middle
"Congo, Rep.",2009,lower_middle
"Congo, Rep.",2010,lower_middle
"Congo, Rep.",2011,lower_middle
"Congo, Rep.",2012,lower_middle
"Congo, Rep.",2013,lower_middle
"Congo, Rep.",2014,lower_middle
"Congo, Rep.",2015,lower_middle
"Congo, Rep.",2016,lower_middle
"Congo, Rep.",2017,lower_middle
"Congo, Rep.",2018,lower_middle
"Congo, Rep.",2019,lower_middle
"Congo, Rep.",2020,lower_middle
"Congo, Rep.",2021,lower_middle
"Congo, Rep.",2022,lower_middle
"Congo, Rep.",2023,lower_middle
"Congo, Rep.",2024,lower_middle
"Congo, Rep.",2025,lower_middle
Costa Rica,1987,lower_middle
Costa Rica,1988,lower_middle
Costa Rica,1989,lower_middle
Costa Rica,1990,lower_middle
Costa Rica,1991,lower_middle
Costa Rica,1992,lower_middle
Costa Rica,1993,lower_middle
Costa Rica,1994,lower_middle
Costa Rica,1995,lower_middle
Costa Rica,1996,lower_middle
Costa Rica,1997,lower_middle
Costa Rica,1998,lower_middle
Costa Rica,1999,lower_middle
Costa Rica,2000,upper_middle
Costa Rica,2001,upper_middle
Costa Rica,2002,upper_middle
Costa Rica,2003,upper_middle
Costa Rica,2004,upper_middle
Costa Rica,2005,upper_middle
Costa Rica,2006,upper_middle
Costa Rica,2007,upper_middle
Costa Rica,2008,upper_middle
Costa Rica,2009,upper_middle
Costa Rica,2010,upper_middle
Costa Rica,2011,upper_middle
Costa Rica,2012,upper_middle
Costa Rica,2013,upper_middle
Costa Rica,2014,upper_middle
Costa Rica,2015,upper_middle
Costa Rica,2016,upper_middle
Costa Rica,2017,upper_middle
Costa Rica,2018,upper_middle
Costa Rica,2019,upper_middle
Costa Rica,2020,upper_middle
Costa Rica,2021,upper_middle
Costa Rica,2022,high_income
Costa Rica,2023,high_income
Costa Rica,2024,high_income
Costa Rica,2025,high_income
Cote d'Ivoire,2022,lower_middle
Cote d'Ivoire,2023,lower_middle
Cote d'Ivoire,2024,lower_middle
Cote d'Ivoire,2025,lower_middle
Croatia,1992,lower_middle
Croatia,1993,lower_middle
Croatia,1994,lower_middle
Croatia,1995,upper_middle
Croatia,1996,upper_middle
Croatia,1997,upper_middle
Croatia,1998,upper_middle
Croatia,1999,upper_middle
Croatia,2000,upper_middle
Croatia,2001,upper_middle
Croatia,2002,upper_middle
Croatia,2003,upper_middle
Croatia,2004,upper_middle
Croatia,2005,upper_middle
Croatia,2006,upper_middle
Croatia,2007,upper_middle
Croatia,2008,high_income
Croatia,2009,high_income
Croatia,2010,high_income
Croatia,2011,high_income
Croatia,2012,high_income
Croatia,2013,high_income
Croatia,2014,high_income
Croatia,2015,high_income
Croatia,2016,upper_middle
Croatia,2017,high_income
Croatia,2018,high_income
Croatia,2019,high_income
Croatia,2020,high_income
Croatia,2021,high_income
Croatia,2022,high_income
Croatia,2023,high_income
Croatia,2024,high_income
Croatia,2025,high_income
Cuba,1990,lower_middle
Cuba,1991,lower_middle
Cuba,1992,lower_middle
Cuba,1993,lower_middle
Cuba,1994,lower_middle
Cuba,1995,lower_middle
Cuba,1996,lower_middle
Cuba,1997,lower_middle
Cuba,1998,lower_middle
Cuba,1999,lower_middle
Cuba,2000,lower_middle
Cuba,2001,lower_middle
Cuba,2002,lower_middle
Cuba,2003,lower_middle
Cuba,2004,lower_middle
Cuba,2005,lower_middle
Cuba,2006,lower_middle
Cuba,2007,upper_middle
Cuba,2008,upper_middle
Cuba,2009,upper_middle
Cuba,2010,upper_middle
Cuba,2011,upper_middle
Cuba,2012,upper_middle
Cuba,2013,upper_middle
Cuba,2014,upper_middle
Cuba,2015,upper_middle
Cuba,2016,upper_middle
Cuba,2017,upper_middle
Cuba,2018,upper_middle
Cuba,2019,upper_middle
Cuba,2020,upper_middle
Cuba,2021,upper_middle
Cuba,2022,upper_middle
Cuba,2023,upper_middle
Cuba,2024,upper_middle
Cuba,2025,upper_middle
Curacao,2022,high_income
Curacao,2023,high_income
Curacao,2024,high_income
Curacao,2025,high_income
Curaçao,2010,high_income
Curaçao,2011,high_income
Curaçao,2012,high_income
Curaçao,2013,high_income
Curaçao,2014,high_income
Curaçao,2015,high_income
Curaçao,2016,high_income
Curaçao,2017,high_income
Curaçao,2018,high_income
Curaçao,2019,high_income
Curaçao,2020,high_income
Curaçao,2021,high_income
Curaçao,2022,high_income
Curaçao,2023,high_income
Curaçao,2024,high_income
Curaçao,2025,high_income
Cyprus,1987,upper_middle
Cyprus,1988,high_income
Cyprus,1989,high_income
Cyprus,1990,high_income
Cyprus,1991,high_income
Cyprus,1992,high_income
Cyprus,1993,high_income
Cyprus,1994,high_income
Cyprus,1995,high_income
Cyprus,1996,high_income
Cyprus,1997,high_income
Cyprus,1998,high_income
Cyprus,1999,high_income
Cyprus,2000,high_income
Cyprus,2001,high_income
Cyprus,2002,high_income
Cyprus,2003,high_income
Cyprus,2004,high_income
Cyprus,2005,high_income
Cyprus,2006,high_income
Cyprus,2007,high_income
Cyprus,2008,high_income
Cyprus,2009,high_income
Cyprus,2010,high_income
Cyprus,2011,high_income
Cyprus,2012,high_income
Cyprus,2013,high_income
Cyprus,2014,high_income
Cyprus,2015,high_income
Cyprus,2016,high_income
Cyprus,2017,high_income
Cyprus,2018,high_income
Cyprus,2019,high_income
Cyprus,2020,high_income
Cyprus,2021,high_income
Cyprus,2022,high_income
Cyprus,2023,high_income
Cyprus,2024,high_income
Cyprus,2025,high_income
Czech Republic,1993,upper_middle
Czech Republic,1994,upper_middle
Czech Republic,1995,upper_middle
Czech Republic,1996,upper_middle
Czech Republic,1997,upper_middle
Czech Republic,1998,upper_middle
Czech Republic,1999,upper_middle
Czech Republic,2000,upper_middle
Czech Republic,2001,upper_middle
Czech Republic,2002,upper_middle
Czech Republic,2003,upper_middle
Czech Republic,2004,upper_middle
Czech Republic,2005,upper_middle
Czech Republic,2006,upper_middle
Czech Republic,2007,high_income
Czech Republic,2008,high_income
Czech Republic,2009,high_income
Czech Republic,2010,high_income
Czech Republic,2011,high_income
Czech Republic,2012,high_income
Czech Republic,2013,high_income
Czech Republic,2014,high_income
Czech Republic,2015,high_income
Czech Republic,2016,high_income
Czech Republic,2017,high_income
Czech Republic,2018,high_income
Czech Republic,2019,high_income
Czech Republic,2020,high_income
Czech Republic,2021,high_income
Czech Republic,2022,high_income
Czech Republic,2023,high_income
Czech Republic,2024,high_income
Czech Republic,2025,high_income
Czechia,1993,upper_middle
Czechia,1994,upper_middle
Czechia,1995,upper_middle
Czechia,1996,upper_middle
Czechia,1997,upper_middle
Czechia,1998,upper_middle
Czechia,1999,upper_middle
Czechia,2000,upper_middle
Czechia,2001,upper_middle
Czechia,2002,upper_middle
Czechia,2003,upper_middle
Czechia,2004,upper_middle
Czechia,2005,upper_middle
Czechia,2006,upper_middle
Czechia,2007,high_income
Czechia,2008,high_income
Czechia,2009,high_income
Czechia,2010,high_income
Czechia,2011,high_income
Czechia,2012,high_income
Czechia,2013,high_income
Czechia,2014,high_income
Czechia,2015,high_income
Czechia,2016,high_income
Czechia,2017,high_income
Czechia,2018,high_income
Czechia,2019,high_income
Czechia,2020,high_income
Czechia,2021,high_income
Czechia,2022,high_income
Czechia,2023,high_income
Czechia,2024,high_income
Czechia,2025,high_income
Czechoslovakia (former),1990,upper_middle
Czechoslovakia (former),1991,upper_middle
Côte d'Ivoire,1987,lower_middle
Côte d'Ivoire,1988,lower_middle
Côte d'Ivoire,1989,lower_middle
Côte d'Ivoire,1990,lower_middle
Côte d'Ivoire,1991,lower_middle
Côte d'Ivoire,1992,lower_middle
Côte d'Ivoire,1993,low_income
Côte d'Ivoire,1994,low_income
Côte d'Ivoire,1995,low_income
Côte d'Ivoire,1996,low_income
Côte d'Ivoire,1997,low_income
Côte d'Ivoire,1998,low_income
Côte d'Ivoire,1999,low_income
Côte d'Ivoire,2000,low_income
Côte d'Ivoire,2001,low_income
Côte d'Ivoire,2002,low_income
Côte d'Ivoire,2003,low_income
Côte d'Ivoire,2004,low_income
Côte d'Ivoire,2005,low_income
Côte d'Ivoire,2006,low_income
Côte d'Ivoire,2007,low_income
Côte d'Ivoire,2008,lower_middle
Côte d'Ivoire,2009,lower_middle
Côte d'Ivoire,2010,lower_middle
Côte d'Ivoire,2011,lower_middle
Côte d'Ivoire,2012,lower_middle
Côte d'Ivoire,2013,lower_middle
Côte d'Ivoire,2014,lower_middle
Côte d'Ivoire,2015,lower_middle
Côte d'Ivoire,2016,lower_middle
Côte d'Ivoire,2017,lower_middle
Côte d'Ivoire,2018,lower_middle
Côte d'Ivoire,2019,lower_middle
Côte d'Ivoire,2020,lower_middle
Côte d'Ivoire,2021,lower_middle
Côte d'Ivoire,2022,lower_middle
Côte d'Ivoire,2023,lower_middle
Côte d'Ivoire,2024,lower_middle
Côte d'Ivoire,2025,lower_middle
Denmark,1987,high_income
Denmark,1988,high_income
Denmark,1989,high_income
Denmark,1990,high_income
Denmark,1991,high_income
Denmark,1992,high_income
Denmark,1993,high_income
Denmark,1994,high_income
Denmark,1995,high_income
Denmark,1996,high_income
Denmark,1997,high_income
Denmark,1998,high_income
Denmark,1999,high_income
Denmark,2000,high_income
Denmark,2001,high_income
Denmark,2002,high_income
Denmark,2003,high_income
Denmark,2004,high_income
Denmark,2005,high_income
Denmark,2006,high_income
Denmark,2007,high_income
Denmark,2008,high_income
Denmark,2009,high_income
Denmark,2010,high_income
Denmark,2011,high_income
Denmark,2012,high_income
Denmark,2013,high_income
Denmark,2014,high_income
Denmark,2015,high_income
Denmark,2016,high_income
Denmark,2017,high_income
Denmark,2018,high_income
Denmark,2019,high_income
Denmark,2020,high_income
Denmark,2021,high_income
Denmark,2022,high_income
Denmark,2023,high_income
Denmark,2024,high_income
Denmark,2025,high_income
Djibouti,1990,lower_middle
Djibouti,1991,lower_middle
Djibouti,1992,lower_middle
Djibouti,1993,lower_middle
Djibouti,1994,lower_middle
Djibouti,1995,lower_middle
Djibouti,1996,lower_middle
Djibouti,1997,lower_middle
Djibouti,1998,lower_middle
Djibouti,1999,lower_middle
Djibouti,2000,lower_middle
Djibouti,2001,lower_middle
Djibouti,2002,lower_middle
Djibouti,2003,lower_middle
Djibouti,2004,lower_middle
Djibouti,2005,lower_middle
Djibouti,2006,lower_middle
Djibouti,2007,lower_middle
Djibouti,2008,lower_middle
Djibouti,2009,lower_middle
Djibouti,2010,lower_middle
Djibouti,2011,lower_middle
Djibouti,2012,lower_middle
Djibouti,2013,lower_middle
Djibouti,2014,lower_middle
Djibouti,2015,lower_middle
Djibouti,2016,lower_middle
Djibouti,2017,lower_middle
Djibouti,2018,lower_middle
Djibouti,2019,lower_middle
Djibouti,2020,lower_middle
Djibouti,2021,lower_middle
Djibouti,2022,lower_middle
Djibouti,2023,lower_middle
Djibouti,2024,lower_middle
Djibouti,2025,lower_middle
Dominica,1987,lower_middle
Dominica,1988,lower_middle
Dominica,1989,lower_middle
Dominica,1990,lower_middle
Dominica,1991,lower_middle
Dominica,1992,lower_middle
Dominica,1993,lower_middle
Dominica,1994,lower_middle
Dominica,1995,lower_middle
Dominica,1996,lower_middle
Dominica,1997,lower_middle
Dominica,1998,lower_middle
Dominica,1999,upper_middle
Dominica,2000,upper_middle
Dominica,2001,upper_middle
Dominica,2002,upper_middle
Dominica,2003,upper_middle
Dominica,2004,upper_middle
Dominica,2005,upper_middle
Dominica,2006,upper_middle
Dominica,2007,upper_middle
Dominica,2008,upper_middle
Dominica,2009,upper_middle
Dominica,2010,upper_middle
Dominica,2011,upper_middle
Dominica,2012,upper_middle
Dominica,2013,upper_middle
Dominica,2014,upper_middle
Dominica,2015,upper_middle
Dominica,2016,upper_middle
Dominica,2017,upper_middle
Dominica,2018,upper_middle
Dominica,2019,upper_middle
Dominica,2020,upper_middle
Dominica,2021,upper_middle
Dominica,2022,upper_middle
Dominica,2023,upper_middle
Dominica,2024,upper_middle
Dominica,2025,upper_middle
Dominican Republic,1987,lower_middle
Dominican Republic,1988,lower_middle
Dominican Republic,1989,lower_middle
Dominican Republic,1990,lower_middle
Dominican Republic,1991,lower_middle
Dominican Republic,1992,lower_middle
Dominican Republic,1993,lower_middle
Dominican Republic,1994,lower_middle
Dominican Republic,1995,lower_middle
Dominican Republic,1996,lower_middle
Dominican Republic,1997,lower_middle
Dominican Republic,1998,lower_middle
Dominican Republic,1999,lower_middle
Dominican Republic,2000,lower_middle
Dominican Republic,2001,lower_middle
Dominican Republic,2002,lower_middle
Dominican Republic,2003,lower_middle
Dominican Republic,2004,lower_middle
Dominican Republic,2005,lower_middle
Dominican Republic,2006,lower_middle
Dominican Republic,2007,lower_middle
Dominican Republic,2008,upper_middle
Dominican Republic,2009,upper_middle
Dominican Republic,2010,upper_middle
Dominican Republic,2011,upper_middle
Dominican Republic,2012,upper_middle
Dominican Republic,2013,upper_middle
Dominican Republic,2014,upper_middle
Dominican Republic,2015,upper_middle
Dominican Republic,2016,upper_middle
Dominican Republic,2017,upper_middle
Dominican Republic,2018,upper_middle
Dominican Republic,2019,upper_middle
Dominican Republic,2020,upper_middle
Dominican Republic,2021,upper_middle
Dominican Republic,2022,upper_middle
Dominican Republic,2023,upper_middle
Dominican Republic,2024,upper_middle
Dominican Republic,2025,upper_middle
Ecuador,1987,lower_middle
Ecuador,1988,lower_middle
Ecuador,1989,lower_middle
Ecuador,1990,lower_middle
Ecuador,1991,lower_middle
Ecuador,1992,lower_middle
Ecuador,1993,lower_middle
Ecuador,1994,lower_middle
Ecuador,1995,lower_middle
Ecuador,1996,lower_middle
Ecuador,1997,lower_middle
Ecuador,1998,lower_middle
Ecuador,1999,lower_middle
Ecuador,2000,lower_middle
Ecuador,2001,lower_middle
Ecuador,2002,lower_middle
Ecuador,2003,lower_middle
Ecuador,2004,lower_middle
Ecuador,2005,lower_middle
Ecuador,2006,lower_middle
Ecuador,2007,lower_middle
Ecuador,2008,lower_middle
Ecuador,2009,lower_middle
Ecuador,2010,upper_middle
Ecuador,2011,upper_middle
Ecuador,2012,upper_middle
Ecuador,2013,upper_middle
Ecuador,2014,upper_middle
Ecuador,2015,upper_middle
Ecuador,2016,upper_middle
Ecuador,2017,upper_middle
Ecuador,2018,upper_middle
Ecuador,2019,upper_middle
Ecuador,2020,upper_middle
Ecuador,2021,upper_middle
Ecuador,2022,upper_middle
Ecuador,2023,upper_middle
Ecuador,2024,upper_middle
Ecuador,2025,upper_middle
Egypt  Arab Rep.,2022,lower_middle
Egypt  Arab Rep.,2023,lower_middle
Egypt  Arab Rep.,2024,lower_middle
Egypt  Arab Rep.,2025,lower_middle
"Egypt, Arab Rep.",1987,lower_middle
"Egypt, Arab Rep.",1988,lower_middle
"Egypt, Arab Rep.",1989,lower_middle
"Egypt, Arab Rep.",1990,low_income
"Egypt, Arab Rep.",1991,low_income
"Egypt, Arab Rep.",1992,low_income
"Egypt, Arab Rep.",1993,low_income
"Egypt, Arab Rep.",1994,low_income
"Egypt, Arab Rep.",1995,lower_middle
"Egypt, Arab Rep.",1996,lower_middle
"Egypt, Arab Rep.",1997,lower_middle
"Egypt, Arab Rep.",1998,lower_middle
"Egypt, Arab Rep.",1999,lower_middle
"Egypt, Arab Rep.",2000,lower_middle
"Egypt, Arab Rep.",2001,lower_middle
"Egypt, Arab Rep.",2002,lower_middle
"Egypt, Arab Rep.",2003,lower_middle
"Egypt, Arab Rep.",2004,lower_middle
"Egypt, Arab Rep.",2005,lower_middle
"Egypt, Arab Rep.",2006,lower_middle
"Egypt, Arab Rep.",2007,lower_middle
"Egypt, Arab Rep.",2008,lower_middle
"Egypt, Arab Rep.",2009,lower_middle
"Egypt, Arab Rep.",2010,lower_middle
"Egypt, Arab Rep.",2011,lower_middle
"Egypt, Arab Rep.",2012,lower_middle
"Egypt, Arab Rep.",2013,lower_middle
"Egypt, Arab Rep.",2014,lower_middle
"Egypt, Arab Rep.",2015,lower_middle
"Egypt, Arab Rep.",2016,lower_middle
"Egypt, Arab Rep.",2017,lower_middle
"Egypt, Arab Rep.",2018,lower_middle
"Egypt, Arab Rep.",2019,lower_middle
"Egypt, Arab Rep.",2020,lower_middle
"Egypt, Arab Rep.",2021,lower_middle
"Egypt, Arab Rep.",2022,lower_middle
"Egypt, Arab Rep.",2023,lower_middle
"Egypt, Arab Rep.",2024,lower_middle
"Egypt, Arab Rep.",2025,lower_middle
El Salvador,1987,lower_middle
El Salvador,1988,lower_middle
El Salvador,1989,lower_middle
El Salvador,1990,lower_middle
El Salvador,1991,lower_middle
El Salvador,1992,lower_middle
El Salvador,1993,lower_middle
El Salvador,1994,lower_middle
El Salvador,1995,lower_middle
El Salvador,1996,lower_middle
El Salvador,1997,lower_middle
El Salvador,1998,lower_middle
El Salvador,1999,lower_middle
El Salvador,2000,lower_middle
El Salvador,2001,lower_middle
El Salvador,2002,lower_middle
El Salvador,2003,lower_middle
El Salvador,2004,lower_middle
El Salvador,2005,lower_middle
El Salvador,2006,lower_middle
El Salvador,2007,lower_middle
El Salvador,2008,lower_middle
El Salvador,2009,lower_middle
El Salvador,2010,lower_middle
El Salvador,2011,lower_middle
El Salvador,2012,lower_middle
El Salvador,2013,lower_middle
El Salvador,2014,lower_middle
El Salvador,2015,lower_middle
El Salvador,2016,lower_middle
El Salvador,2017,lower_middle
El Salvador,2018,lower_middle
El Salvador,2019,lower_middle
El Salvador,2020,lower_middle
El Salvador,2021,lower_middle
El Salvador,2022,upper_middle
El Salvador,2023,upper_middle
El Salvador,2024,upper_middle
El Salvador,2025,upper_middle
Equatorial Guinea,1987,low_income
Equatorial Guinea,1988,low_income
Equatorial Guinea,1989,low_income
Equatorial Guinea,1990,low_income
Equatorial Guinea,1991,low_income
Equatorial Guinea,1992,low_income
Equatorial Guinea,1993,low_income
Equatorial Guinea,1994,low_income
Equatorial Guinea,1995,low_income
Equatorial Guinea,1996,low_income
Equatorial Guinea,1997,lower_middle
Equatorial Guinea,1998,lower_middle
Equatorial Guinea,1999,lower_middle
Equatorial Guinea,2000,lower_middle
Equatorial Guinea,2001,low_income
Equatorial Guinea,2002,low_income
Equatorial Guinea,2003,low_income
Equatorial Guinea,2004,upper_middle
Equatorial Guinea,2005,upper_middle
Equatorial Guinea,2006,upper_middle
Equatorial Guinea,2007,high_income
Equatorial Guinea,2008,high_income
Equatorial Guinea,2009,high_income
Equatorial Guinea,2010,high_income
Equatorial Guinea,2011,high_income
Equatorial Guinea,2012,high_income
Equatorial Guinea,2013,high_income
Equatorial Guinea,2014,high_income
Equatorial Guinea,2015,upper_middle
Equatorial Guinea,2016,upper_middle
Equatorial Guinea,2017,upper_middle
Equatorial Guinea,2018,upper_middle
Equatorial Guinea,2019,upper_middle
Equatorial Guinea,2020,upper_middle
Equatorial Guinea,2021,upper_middle
Equatorial Guinea,2022,upper_middle
Equatorial Guinea,2023,upper_middle
Equatorial Guinea,2024,upper_middle
Equatorial Guinea,2025,upper_middle
Eritrea,1992,low_income
Eritrea,1993,low_income
Eritrea,1994,low_income
Eritrea,1995,low_income
Eritrea,1996,low_income
Eritrea,1997,low_income
Eritrea,1998,low_income
Eritrea,1999,low_income
Eritrea,2000,low_income
Eritrea,2001,low_income
Eritrea,2002,low_income
Eritrea,2003,low_income
Eritrea,2004,low_income
Eritrea,2005,low_income
Eritrea,2006,low_income
Eritrea,2007,low_income
Eritrea,2008,low_income
Eritrea,2009,low_income
Eritrea,2010,low_income
Eritrea,2011,low_income
Eritrea,2012,low_income
Eritrea,2013,low_income
Eritrea,2014,low_income
Eritrea,2015,low_income
Eritrea,2016,low_income
Eritrea,2017,low_income
Eritrea,2018,low_income
Eritrea,2019,low_income
Eritrea,2020,low_income
Eritrea,2021,low_income
Eritrea,2022,low_income
Eritrea,2023,low_income
Eritrea,2024,low_income
Eritrea,2025,low_income
Estonia,1991,upper_middle
Estonia,1992,upper_middle
Estonia,1993,upper_middle
Estonia,1994,lower_middle
Estonia,1995,lower_middle
Estonia,1996,lower_middle
Estonia,1997,upper_middle
Estonia,1998,upper_middle
Estonia,1999,upper_middle
Estonia,2000,upper_middle
Estonia,2001,upper_middle
Estonia,2002,upper_middle
Estonia,2003,upper_middle
Estonia,2004,upper_middle
Estonia,2005,upper_middle
Estonia,2006,high_income
Estonia,2007,high_income
Estonia,2008,high_income
Estonia,2009,high_income
Estonia,2010,high_income
Estonia,2011,high_income
Estonia,2012,high_income
Estonia,2013,high_income
Estonia,2014,high_income
Estonia,2015,high_income
Estonia,2016,high_income
Estonia,2017,high_income
Estonia,2018,high_income
Estonia,2019,high_income
Estonia,2020,high_income
Estonia,2021,high_income
Estonia,2022,high_income
Estonia,2023,high_income
Estonia,2024,high_income
Estonia,2025,high_income
Eswatini,1987,lower_middle
Eswatini,1988,lower_middle
Eswatini,1989,lower_middle
Eswatini,1990,lower_middle
Eswatini,1991,lower_middle
Eswatini,1992,lower_middle
Eswatini,1993,lower_middle
Eswatini,1994,lower_middle
Eswatini,1995,lower_middle
Eswatini,1996,lower_middle
Eswatini,1997,lower_middle
Eswatini,1998,lower_middle
Eswatini,1999,lower_middle
Eswatini,2000,lower_middle
Eswatini,2001,lower_middle
Eswatini,2002,lower_middle
Eswatini,2003,lower_middle
Eswatini,2004,lower_middle
Eswatini,2005,lower_middle
Eswatini,2006,lower_middle
Eswatini,2007,lower_middle
Eswatini,2008,lower_middle
Eswatini,2009,lower_middle
Eswatini,2010,lower_middle
Eswatini,2011,lower_middle
Eswatini,2012,lower_middle
Eswatini,2013,lower_middle
Eswatini,2014,lower_middle
Eswatini,2015,lower_middle
Eswatini,2016,lower_middle
Eswatini,2017,lower_middle
Eswatini,2018,lower_middle
Eswatini,2019,lower_middle
Eswatini,2020,lower_middle
Eswatini,2021,lower_middle
Eswatini,2022,lower_middle
Eswatini,2023,lower_middle
Eswatini,2024,lower_middle
Eswatini,2025,lower_middle
Ethiopia,1987,low_income
Ethiopia,1988,low_income
Ethiopia,1989,low_income
Ethiopia,1990,low_income
Ethiopia,1991,low_income
Ethiopia,1992,low_income
Ethiopia,1993,low_income
Ethiopia,1994,low_income
Ethiopia,1995,low_income
Ethiopia,1996,low_income
Ethiopia,1997,low_income
Ethiopia,1998,low_income
Ethiopia,1999,low_income
Ethiopia,2000,low_income
Ethiopia,2001,low_income
Ethiopia,2002,low_income
Ethiopia,2003,low_income
Ethiopia,2004,low_income
Ethiopia,2005,low_income
Ethiopia,2006,low_income
Ethiopia,2007,low_income
Ethiopia,2008,low_income
Ethiopia,2009,low_income
Ethiopia,2010,low_income
Ethiopia,2011,low_income
Ethiopia,2012,low_income
Ethiopia,2013,low_income
Ethiopia,2014,low_income
Ethiopia,2015,low_income
Ethiopia,2016,low_income
Ethiopia,2017,low_income
Ethiopia,2018,low_income
Ethiopia,2019,low_income
Ethiopia,2020,low_income
Ethiopia,2021,low_income
Ethiopia,2022,
Ethiopia,2023,
Ethiopia,2024,
Ethiopia,2025,
Faeroe Islands,1987,high_income
Faeroe Islands,1988,high_income
Faeroe Islands,1989,high_income
Faeroe Islands,1990,high_income
Faeroe Islands,1991,high_income
Faeroe Islands,1992,high_income
Faeroe Islands,1993,high_income
Faeroe Islands,1994,high_income
Faeroe Islands,1995,high_income
Faeroe Islands,1996,high_income
Faeroe Islands,1997,high_income
Faeroe Islands,1998,high_income
Faeroe Islands,1999,high_income
Faeroe Islands,2000,high_income
Faeroe Islands,2001,high_income
Faeroe Islands,2002,high_income
Faeroe Islands,2003,high_income
Faeroe Islands,2004,high_income
Faeroe Islands,2005,high_income
Faeroe Islands,2006,high_income
Faeroe Islands,2007,high_income
Faeroe Islands,2008,high_income
Faeroe Islands,2009,high_income
Faeroe Islands,2010,high_income
Faeroe Islands,2011,high_income
Faeroe Islands,2012,high_income
Faeroe Islands,2013,high_income
Faeroe Islands,2014,high_income
Faeroe Islands,2015,high_income
Faeroe Islands,2016,high_income
Faeroe Islands,2017,high_income
Faeroe Islands,2018,high_income
Faeroe Islands,2019,high_income
Faeroe Islands,2020,high_income
Faeroe Islands,2021,high_income
Faeroe Islands,2022,high_income
Faeroe Islands,2023,high_income
Faeroe Islands,2024,high_income
Faeroe Islands,2025,high_income
Faroe Islands,2022,high_income
Faroe Islands,2023,high_income
Faroe Islands,2024,high_income
Faroe Islands,2025,high_income
Fiji,1987,lower_middle
Fiji,1988,lower_middle
Fiji,1989,lower_middle
Fiji,1990,lower_middle
Fiji,1991,lower_middle
Fiji,1992,lower_middle
Fiji,1993,lower_middle
Fiji,1994,lower_middle
Fiji,1995,lower_middle
Fiji,1996,lower_middle
Fiji,1997,lower_middle
Fiji,1998,lower_middle
Fiji,1999,lower_middle
Fiji,2000,lower_middle
Fiji,2001,lower_middle
Fiji,2002,lower_middle
Fiji,2003,lower_middle
Fiji,2004,lower_middle
Fiji,2005,lower_middle
Fiji,2006,lower_middle
Fiji,2007,upper_middle
Fiji,2008,upper_middle
Fiji,2009,upper_middle
Fiji,2010,lower_middle
Fiji,2011,lower_middle
Fiji,2012,upper_middle
Fiji,2013,upper_middle
Fiji,2014,upper_middle
Fiji,2015,upper_middle
Fiji,2016,upper_middle
Fiji,2017,upper_middle
Fiji,2018,upper_middle
Fiji,2019,upper_middle
Fiji,2020,upper_middle
Fiji,2021,upper_middle
Fiji,2022,upper_middle
Fiji,2023,upper_middle
Fiji,2024,upper_middle
Fiji,2025,upper_middle
Finland,1987,high_income
Finland,1988,high_income
Finland,1989,high_income
Finland,1990,high_income
Finland,1991,high_income
Finland,1992,high_income
Finland,1993,high_income
Finland,1994,high_income
Finland,1995,high_income
Finland,1996,high_income
Finland,1997,high_income
Finland,1998,high_income
Finland,1999,high_income
Finland,2000,high_income
Finland,2001,high_income
Finland,2002,high_income
Finland,2003,high_income
Finland,2004,high_income
Finland,2005,high_income
Finland,2006,high_income
Finland,2007,high_income
Finland,2008,high_income
Finland,2009,high_income
Finland,2010,high_income
Finland,2011,high_income
Finland,2012,high_income
Finland,2013,high_income
Finland,2014,high_income
Finland,2015,high_income
Finland,2016,high_income
Finland,2017,high_income
Finland,2018,high_income
Finland,2019,high_income
Finland,2020,high_income
Finland,2021,high_income
Finland,2022,high_income
Finland,2023,high_income
Finland,2024,high_income
Finland,2025,high_income
France,1987,high_income
France,1988,high_income
France,1989,high_income
France,1990,high_income
France,1991,high_income
France,1992,high_income
France,1993,high_income
France,1994,high_income
France,1995,high_income
France,1996,high_income
France,1997,high_income
France,1998,high_income
France,1999,high_income
France,2000,high_income
France,2001,high_income
France,2002,high_income
France,2003,high_income
France,2004,high_income
France,2005,high_income
France,2006,high_income
France,2007,high_income
France,2008,high_income
France,2009,high_income
France,2010,high_income
France,2011,high_income
France,2012,high_income
France,2013,high_income
France,2014,high_income
France,2015,high_income
France,2016,high_income
France,2017,high_income
France,2018,high_income
France,2019,high_income
France,2020,high_income
France,2021,high_income
France,2022,high_income
France,2023,high_income
France,2024,high_income
France,2025,high_income
French Polynesia,1990,high_income
French Polynesia,1991,high_income
French Polynesia,1992,high_income
French Polynesia,1993,high_income
French Polynesia,1994,high_income
French Polynesia,1995,high_income
French Polynesia,1996,high_income
French Polynesia,1997,high_income
French Polynesia,1998,high_income
French Polynesia,1999,high_income
French Polynesia,2000,high_income
French Polynesia,2001,high_income
French Polynesia,2002,high_income
French Polynesia,2003,high_income
French Polynesia,2004,high_income
French Polynesia,2005,high_income
French Polynesia,2006,high_income
French Polynesia,2007,high_income
French Polynesia,2008,high_income
French Polynesia,2009,high_income
French Polynesia,2010,high_income
French Polynesia,2011,high_income
French Polynesia,2012,high_income
French Polynesia,2013,high_income
French Polynesia,2014,high_income
French Polynesia,2015,high_income
French Polynesia,2016,high_income
French Polynesia,2017,high_income
French Polynesia,2018,high_income
French Polynesia,2019,high_income
French Polynesia,2020,high_income
French Polynesia,2021,high_income
French Polynesia,2022,high_income
French Polynesia,2023,high_income
French Polynesia,2024,high_income
French Polynesia,2025,high_income
Gabon,1987,upper_middle
Gabon,1988,upper_middle
Gabon,1989,upper_middle
Gabon,1990,upper_middle
Gabon,1991,upper_middle
Gabon,1992,upper_middle
Gabon,1993,upper_middle
Gabon,1994,upper_middle
Gabon,1995,upper_middle
Gabon,1996,upper_middle
Gabon,1997,upper_middle
Gabon,1998,upper_middle
Gabon,1999,upper_middle
Gabon,2000,upper_middle
Gabon,2001,upper_middle
Gabon,2002,upper_middle
Gabon,2003,upper_middle
Gabon,2004,upper_middle
Gabon,2005,upper_middle
Gabon,2006,upper_middle
Gabon,2007,upper_middle
Gabon,2008,upper_middle
Gabon,2009,upper_middle
Gabon,2010,upper_middle
Gabon,2011,upper_middle
Gabon,2012,upper_middle
Gabon,2013,upper_middle
Gabon,2014,upper_middle
Gabon,2015,upper_middle
Gabon,2016,upper_middle
Gabon,2017,upper_middle
Gabon,2018,upper_middle
Gabon,2019,upper_middle
Gabon,2020,upper_middle
Gabon,2021,upper_middle
Gabon,2022,upper_middle
Gabon,2023,upper_middle
Gabon,2024,upper_middle
Gabon,2025,upper_middle
Gambia  The,2022,low_income
Gambia  The,2023,low_income
Gambia  The,2024,low_income
Gambia  The,2025,low_income
"Gambia, The",1987,low_income
"Gambia, The",1988,low_income
"Gambia, The",1989,low_income
"Gambia, The",1990,low_income
"Gambia, The",1991,low_income
"Gambia, The",1992,low_income
"Gambia, The",1993,low_income
"Gambia, The",1994,low_income
"Gambia, The",1995,low_income
"Gambia, The",1996,low_income
"Gambia, The",1997,low_income
"Gambia, The",1998,low_income
"Gambia, The",1999,low_income
"Gambia, The",2000,low_income
"Gambia, The",2001,low_income
"Gambia, The",2002,low_income
"Gambia, The",2003,low_income
"Gambia, The",2004,low_income
"Gambia, The",2005,low_income
"Gambia, The",2006,low_income
"Gambia, The",2007,low_income
"Gambia, The",2008,low_income
"Gambia, The",2009,low_income
"Gambia, The",2010,low_income
"Gambia, The",2011,low_income
"Gambia, The",2012,low_income
"Gambia, The",2013,low_income
"Gambia, The",2014,low_income
"Gambia, The",2015,low_income
"Gambia, The",2016,low_income
"Gambia, The",2017,low_income
"Gambia, The",2018,low_income
"Gambia, The",2019,low_income
"Gambia, The",2020,low_income
"Gambia, The",2021,low_income
"Gambia, The",2022,low_income
"Gambia, The",2023,low_income
"Gambia, The",2024,low_income
"Gambia, The",2025,low_income
Georgia,1991,lower_middle
Georgia,1992,lower_middle
Georgia,1993,low_income
Georgia,1994,low_income
Georgia,1995,low_income
Georgia,1996,lower_middle
Georgia,1997,lower_middle
Georgia,1998,lower_middle
Georgia,1999,low_income
Georgia,2000,low_income
Georgia,2001,low_income
Georgia,2002,low_income
Georgia,2003,lower_middle
Georgia,2004,lower_middle
Georgia,2005,lower_middle
Georgia,2006,lower_middle
Georgia,2007,lower_middle
Georgia,2008,lower_middle
Georgia,2009,lower_middle
Georgia,2010,lower_middle
Georgia,2011,lower_middle
Georgia,2012,lower_middle
Georgia,2013,lower_middle
Georgia,2014,lower_middle
Georgia,2015,upper_middle
Georgia,2016,lower_middle
Georgia,2017,lower_middle
Georgia,2018,upper_middle
Georgia,2019,upper_middle
Georgia,2020,upper_middle
Georgia,2021,upper_middle
Georgia,2022,upper_middle
Georgia,2023,upper_middle
Georgia,2024,upper_middle
Georgia,2025,upper_middle
Germany,1987,high_income
Germany,1988,high_income
Germany,1989,high_income
Germany,1990,high_income
Germany,1991,high_income
Germany,1992,high_income
Germany,1993,high_income
Germany,1994,high_income
Germany,1995,high_income
Germany,1996,high_income
Germany,1997,high_income
Germany,1998,high_income
Germany,1999,high_income
Germany,2000,high_income
Germany,2001,high_income
Germany,2002,high_income
Germany,2003,high_income
Germany,2004,high_income
Germany,2005,high_income
Germany,2006,high_income
Germany,2007,high_income
Germany,2008,high_income
Germany,2009,high_income
Germany,2010,high_income
Germany,2011,high_income
Germany,2012,high_income
Germany,2013,high_income
Germany,2014,high_income
Germany,2015,high_income
Germany,2016,high_income
Germany,2017,high_income
Germany,2018,high_income
Germany,2019,high_income
Germany,2020,high_income
Germany,2021,high_income
Germany,2022,high_income
Germany,2023,high_income
Germany,2024,high_income
Germany,2025,high_income
Ghana,1987,low_income
Ghana,1988,low_income
Ghana,1989,low_income
Ghana,1990,low_income
Ghana,1991,low_income
Ghana,1992,low_income
Ghana,1993,low_income
Ghana,1994,low_income
Ghana,1995,low_income
Ghana,1996,low_income
Ghana,1997,low_income
Ghana,1998,low_income
Ghana,1999,low_income
Ghana,2000,low_income
Ghana,2001,low_income
Ghana,2002,low_income
Ghana,2003,low_income
Ghana,2004,low_income
Ghana,2005,low_income
Ghana,2006,low_income
Ghana,2007,low_income
Ghana,2008,low_income
Ghana,2009,low_income
Ghana,2010,lower_middle
Ghana,2011,lower_middle
Ghana,2012,lower_middle
Ghana,2013,lower_middle
Ghana,2014,lower_middle
Ghana,2015,lower_middle
Ghana,2016,lower_middle
Ghana,2017,lower_middle
Ghana,2018,lower_middle
Ghana,2019,lower_middle
Ghana,2020,lower_middle
Ghana,2021,lower_middle
Ghana,2022,lower_middle
Ghana,2023,lower_middle
Ghana,2024,lower_middle
Ghana,2025,lower_middle
Gibraltar,1987,upper_middle
Gibraltar,1988,upper_middle
Gibraltar,1989,upper_middle
Gibraltar,1990,upper_middle
Gibraltar,1991,upper_middle
Gibraltar,1992,upper_middle
Gibraltar,1993,upper_middle
Gibraltar,2009,high_income
Gibraltar,2010,high_income
Gibraltar,2015,high_income
Gibraltar,2016,high_income
Gibraltar,2017,high_income
Gibraltar,2018,high_income
Gibraltar,2019,high_income
Gibraltar,2020,high_income
Gibraltar,2021,high_income
Gibraltar,2022,high_income
Gibraltar,2023,high_income
Gibraltar,2024,high_income
Gibraltar,2025,high_income
Greece,1987,upper_middle
Greece,1988,upper_middle
Greece,1989,upper_middle
Greece,1990,upper_middle
Greece,1991,upper_middle
Greece,1992,upper_middle
Greece,1993,upper_middle
Greece,1994,upper_middle
Greece,1995,upper_middle
Greece,1996,high_income
Greece,1997,high_income
Greece,1998,high_income
Greece,1999,high_income
Greece,2000,high_income
Greece,2001,high_income
Greece,2002,high_income
Greece,2003,high_income
Greece,2004,high_income
Greece,2005,high_income
Greece,2006,high_income
Greece,2007,high_income
Greece,2008,high_income
Greece,2009,high_income
Greece,2010,high_income
Greece,2011,high_income
Greece,2012,high_income
Greece,2013,high_income
Greece,2014,high_income
Greece,2015,high_income
Greece,2016,high_income
Greece,2017,high_income
Greece,2018,high_income
Greece,2019,high_income
Greece,2020,high_income
Greece,2021,high_income
Greece,2022,high_income
Greece,2023,high_income
Greece,2024,high_income
Greece,2025,high_income
Greenland,1987,high_income
Greenland,1988,high_income
Greenland,1989,high_income
Greenland,1990,high_income
Greenland,1991,high_income
Greenland,1992,high_income
Greenland,1993,high_income
Greenland,1994,high_income
Greenland,1995,high_income
Greenland,1996,high_income
Greenland,1997,high_income
Greenland,1998,high_income
Greenland,1999,high_income
Greenland,2000,high_income
Greenland,2001,high_income
Greenland,2002,high_income
Greenland,2003,high_income
Greenland,2004,high_income
Greenland,2005,high_income
Greenland,2006,high_income
Greenland,2007,high_income
Greenland,2008,high_income
Greenland,2009,high_income
Greenland,2010,high_income
Greenland,2011,high_income
Greenland,2012,high_income
Greenland,2013,high_income
Greenland,2014,high_income
Greenland,2015,high_income
Greenland,2016,high_income
Greenland,2017,high_income
Greenland,2018,high_income
Greenland,2019,high_income
Greenland,2020,high_income
Greenland,2021,high_income
Greenland,2022,high_income
Greenland,2023,high_income
Greenland,2024,high_income
Greenland,2025,high_income
Grenada,1987,lower_middle
Grenada,1988,lower_middle
Grenada,1989,lower_middle
Grenada,1990,lower_middle
Grenada,1991,lower_middle
Grenada,1992,lower_middle
Grenada,1993,lower_middle
Grenada,1994,lower_middle
Grenada,1995,lower_middle
Grenada,1996,lower_middle
Grenada,1997,upper_middle
Grenada,1998,upper_middle
Grenada,1999,upper_middle
Grenada,2000,upper_middle
Grenada,2001,upper_middle
Grenada,2002,upper_middle
Grenada,2003,upper_middle
Grenada,2004,upper_middle
Grenada,2005,upper_middle
Grenada,2006,upper_middle
Grenada,2007,upper_middle
Grenada,2008,upper_middle
Grenada,2009,upper_middle
Grenada,2010,upper_middle
Grenada,2011,upper_middle
Grenada,2012,upper_middle
Grenada,2013,upper_middle
Grenada,2014,upper_middle
Grenada,2015,upper_middle
Grenada,2016,upper_middle
Grenada,2017,upper_middle
Grenada,2018,upper_middle
Grenada,2019,upper_middle
Grenada,2020,upper_middle
Grenada,2021,upper_middle
Grenada,2022,upper_middle
Grenada,2023,upper_middle
Grenada,2024,upper_middle
Grenada,2025,upper_middle
Guam,1987,high_income
Guam,1988,high_income
Guam,1989,high_income
Guam,1990,upper_middle
Guam,1991,upper_middle
Guam,1992,upper_middle
Guam,1993,upper_middle
Guam,1994,upper_middle
Guam,1995,high_income
Guam,1996,high_income
Guam,1997,high_income
Guam,1998,high_income
Guam,1999,high_income
Guam,2000,high_income
Guam,2001,high_income
Guam,2002,high_income
Guam,2003,high_income
Guam,2004,high_income
Guam,2005,high_income
Guam,2006,high_income
Guam,2007,high_income
Guam,2008,high_income
Guam,2009,high_income
Guam,2010,high_income
Guam,2011,high_income
Guam,2012,high_income
Guam,2013,high_income
Guam,2014,high_income
Guam,2015,high_income
Guam,2016,high_income
Guam,2017,high_income
Guam,2018,high_income
Guam,2019,high_income
Guam,2020,high_income
Guam,2021,high_income
Guam,2022,high_income
Guam,2023,high_income
Guam,2024,high_income
Guam,2025,high_income
Guatemala,1987,lower_middle
Guatemala,1988,lower_middle
Guatemala,1989,lower_middle
Guatemala,1990,lower_middle
Guatemala,1991,lower_middle
Guatemala,1992,lower_middle
Guatemala,1993,lower_middle
Guatemala,1994,lower_middle
Guatemala,1995,lower_middle
Guatemala,1996,lower_middle
Guatemala,1997,lower_middle
Guatemala,1998,lower_middle
Guatemala,1999,lower_middle
Guatemala,2000,lower_middle
Guatemala,2001,lower_middle
Guatemala,2002,lower_middle
Guatemala,2003,lower_middle
Guatemala,2004,lower_middle
Guatemala,2005,lower_middle
Guatemala,2006,lower_middle
Guatemala,2007,lower_middle
Guatemala,2008,lower_middle
Guatemala,2009,lower_middle
Guatemala,2010,lower_middle
Guatemala,2011,lower_middle
Guatemala,2012,lower_middle
Guatemala,2013,lower_middle
Guatemala,2014,lower_middle
Guatemala,2015,lower_middle
Guatemala,2016,lower_middle
Guatemala,2017,upper_middle
Guatemala,2018,upper_middle
Guatemala,2019,upper_middle
Guatemala,2020,upper_middle
Guatemala,2021,upper_middle
Guatemala,2022,upper_middle
Guatemala,2023,upper_middle
Guatemala,2024,upper_middle
Guatemala,2025,upper_middle
Guinea,1987,low_income
Guinea,1988,low_income
Guinea,1989,low_income
Guinea,1990,low_income
Guinea,1991,low_income
Guinea,1992,low_income
Guinea,1993,low_income
Guinea,1994,low_income
Guinea,1995,low_income
Guinea,1996,low_income
Guinea,1997,low_income
Guinea,1998,low_income
Guinea,1999,low_income
Guinea,2000,low_income
Guinea,2001,low_income
Guinea,2002,low_income
Guinea,2003,low_income
Guinea,2004,low_income
Guinea,2005,low_income
Guinea,2006,low_income
Guinea,2007,low_income
Guinea,2008,low_income
Guinea,2009,low_income
Guinea,2010,low_income
Guinea,2011,low_income
Guinea,2012,low_income
Guinea,2013,low_income
Guinea,2014,low_income
Guinea,2015,low_income
Guinea,2016,low_income
Guinea,2017,low_income
Guinea,2018,low_income
Guinea,2019,low_income
Guinea,2020,low_income
Guinea,2021,low_income
Guinea,2022,lower_middle
Guinea,2023,lower_middle
Guinea,2024,lower_middle
Guinea,2025,lower_middle
Guinea-Bissau,1987,low_income
Guinea-Bissau,1988,low_income
Guinea-Bissau,1989,low_income
Guinea-Bissau,1990,low_income
Guinea-Bissau,1991,low_income
Guinea-Bissau,1992,low_income
Guinea-Bissau,1993,low_income
Guinea-Bissau,1994,low_income
Guinea-Bissau,1995,low_income
Guinea-Bissau,1996,low_income
Guinea-Bissau,1997,low_income
Guinea-Bissau,1998,low_income
Guinea-Bissau,1999,low_income
Guinea-Bissau,2000,low_income
Guinea-Bissau,2001,low_income
Guinea-Bissau,2002,low_income
Guinea-Bissau,2003,low_income
Guinea-Bissau,2004,low_income
Guinea-Bissau,2005,low_income
Guinea-Bissau,2006,low_income
Guinea-Bissau,2007,low_income
Guinea-Bissau,2008,low_income
Guinea-Bissau,2009,low_income
Guinea-Bissau,2010,low_income
Guinea-Bissau,2011,low_income
Guinea-Bissau,2012,low_income
Guinea-Bissau,2013,low_income
Guinea-Bissau,2014,low_income
Guinea-Bissau,2015,low_income
Guinea-Bissau,2016,low_income
Guinea-Bissau,2017,low_income
Guinea-Bissau,2018,low_income
Guinea-Bissau,2019,low_income
Guinea-Bissau,2020,low_income
Guinea-Bissau,2021,low_income
Guinea-Bissau,2022,low_income
Guinea-Bissau,2023,low_income
Guinea-Bissau,2024,low_income
Guinea-Bissau,2025,low_income
Guyana,1987,low_income
Guyana,1988,low_income
Guyana,1989,low_income
Guyana,1990,low_income
Guyana,1991,low_income
Guyana,1992,low_income
Guyana,1993,low_income
Guyana,1994,low_income
Guyana,1995,low_income
Guyana,1996,low_income
Guyana,1997,lower_middle
Guyana,1998,lower_middle
Guyana,1999,lower_middle
Guyana,2000,lower_middle
Guyana,2001,lower_middle
Guyana,2002,lower_middle
Guyana,2003,lower_middle
Guyana,2004,lower_middle
Guyana,2005,lower_middle
Guyana,2006,lower_middle
Guyana,2007,lower_middle
Guyana,2008,lower_middle
Guyana,2009,lower_middle
Guyana,2010,lower_middle
Guyana,2011,lower_middle
Guyana,2012,lower_middle
Guyana,2013,lower_middle
Guyana,2014,lower_middle
Guyana,2015,upper_middle
Guyana,2016,upper_middle
Guyana,2017,upper_middle
Guyana,2018,upper_middle
Guyana,2019,upper_middle
Guyana,2020,upper_middle
Guyana,2021,upper_middle
Guyana,2022,high_income
Guyana,2023,high_income
Guyana,2024,high_income
Guyana,2025,high_income
Haiti,1987,low_income
Haiti,1988,low_income
Haiti,1989,low_income
Haiti,1990,low_income
Haiti,1991,low_income
Haiti,1992,low_income
Haiti,1993,low_income
Haiti,1994,low_income
Haiti,1995,low_income
Haiti,1996,low_income
Haiti,1997,low_income
Haiti,1998,low_income
Haiti,1999,low_income
Haiti,2000,low_income
Haiti,2001,low_income
Haiti,2002,low_income
Haiti,2003,low_income
Haiti,2004,low_income
Haiti,2005,low_income
Haiti,2006,low_income
Haiti,2007,low_income
Haiti,2008,low_income
Haiti,2009,low_income
Haiti,2010,low_income
Haiti,2011,low_income
Haiti,2012,low_income
Haiti,2013,low_income
Haiti,2014,low_income
Haiti,2015,low_income
Haiti,2016,low_income
Haiti,2017,low_income
Haiti,2018,low_income
Haiti,2019,low_income
Haiti,2020,lower_middle
Haiti,2021,lower_middle
Haiti,2022,lower_middle
Haiti,2023,lower_middle
Haiti,2024,lower_middle
Haiti,2025,lower_middle
Honduras,1987,lower_middle
Honduras,1988,lower_middle
Honduras,1989,lower_middle
Honduras,1990,low_income
Honduras,1991,low_income
Honduras,1992,low_income
Honduras,1993,low_income
Honduras,1994,low_income
Honduras,1995,low_income
Honduras,1996,low_income
Honduras,1997,low_income
Honduras,1998,low_income
Honduras,1999,lower_middle
Honduras,2000,lower_middle
Honduras,2001,lower_middle
Honduras,2002,lower_middle
Honduras,2003,lower_middle
Honduras,2004,lower_middle
Honduras,2005,lower_middle
Honduras,2006,lower_middle
Honduras,2007,lower_middle
Honduras,2008,lower_middle
Honduras,2009,lower_middle
Honduras,2010,lower_middle
Honduras,2011,lower_middle
Honduras,2012,lower_middle
Honduras,2013,lower_middle
Honduras,2014,lower_middle
Honduras,2015,lower_middle
Honduras,2016,lower_middle
Honduras,2017,lower_middle
Honduras,2018,lower_middle
Honduras,2019,lower_middle
Honduras,2020,lower_middle
Honduras,2021,lower_middle
Honduras,2022,lower_middle
Honduras,2023,lower_middle
Honduras,2024,lower_middle
Honduras,2025,lower_middle
Hong Kong SAR  China,2022,high_income
Hong Kong SAR  China,2023,high_income
Hong Kong SAR  China,2024,high_income
Hong Kong SAR  China,2025,high_income
"Hong Kong SAR, China",1987,high_income
"Hong Kong SAR, China",1988,high_income
"Hong Kong SAR, China",1989,high_income
"Hong Kong SAR, China",1990,high_income
"Hong Kong SAR, China",1991,high_income
"Hong Kong SAR, China",1992,high_income
"Hong Kong SAR, China",1993,high_income
"Hong Kong SAR, China",1994,high_income
"Hong Kong SAR, China",1995,high_income
"Hong Kong SAR, China",1996,high_income
"Hong Kong SAR, China",1997,high_income
"Hong Kong SAR, China",1998,high_income
"Hong Kong SAR, China",1999,high_income
"Hong Kong SAR, China",2000,high_income
"Hong Kong SAR, China",2001,high_income
"Hong Kong SAR, China",2002,high_income
"Hong Kong SAR, China",2003,high_income
"Hong Kong SAR, China",2004,high_income
"Hong Kong SAR, China",2005,high_income
"Hong Kong SAR, China",2006,high_income
"Hong Kong SAR, China",2007,high_income
"Hong Kong SAR, China",2008,high_income
"Hong Kong SAR, China",2009,high_income
"Hong Kong SAR, China",2010,high_income
"Hong Kong SAR, China",2011,high_income
"Hong Kong SAR, China",2012,high_income
"Hong Kong SAR, China",2013,high_income
"Hong Kong SAR, China",2014,high_income
"Hong Kong SAR, China",2015,high_income
"Hong Kong SAR, China",2016,high_income
"Hong Kong SAR, China",2017,high_income
"Hong Kong SAR, China",2018,high_income
"Hong Kong SAR, China",2019,high_income
"Hong Kong SAR, China",2020,high_income
"Hong Kong SAR, China",2021,high_income
"Hong Kong SAR, China",2022,high_income
"Hong Kong SAR, China",2023,high_income
"Hong Kong SAR, China",2024,high_income
"Hong Kong SAR, China",2025,high_income
Hungary,1987,upper_middle
Hungary,1988,upper_middle
Hungary,1989,upper_middle
Hungary,1990,upper_middle
Hungary,1991,upper_middle
Hungary,1992,upper_middle
Hungary,1993,upper_middle
Hungary,1994,upper_middle
Hungary,1995,upper_middle
Hungary,1996,upper_middle
Hungary,1997,upper_middle
Hungary,1998,upper_middle
Hungary,1999,upper_middle
Hungary,2000,upper_middle
Hungary,2001,upper_middle
Hungary,2002,upper_middle
Hungary,2003,upper_middle
Hungary,2004,upper_middle
Hungary,2005,upper_middle
Hungary,2006,upper_middle
Hungary,2007,high_income
Hungary,2008,high_income
Hungary,2009,high_income
Hungary,2010,high_income
Hungary,2011,high_income
Hungary,2012,upper_middle
Hungary,2013,upper_middle
Hungary,2014,high_income
Hungary,2015,high_income
Hungary,2016,high_income
Hungary,2017,high_income
Hungary,2018,high_income
Hungary,2019,high_income
Hungary,2020,high_income
Hungary,2021,high_income
Hungary,2022,high_income
Hungary,2023,high_income
Hungary,2024,high_income
Hungary,2025,high_income
Iceland,1987,high_income
Iceland,1988,high_income
Iceland,1989,high_income
Iceland,1990,high_income
Iceland,1991,high_income
Iceland,1992,high_income
Iceland,1993,high_income
Iceland,1994,high_income
Iceland,1995,high_income
Iceland,1996,high_income
Iceland,1997,high_income
Iceland,1998,high_income
Iceland,1999,high_income
Iceland,2000,high_income
Iceland,2001,high_income
Iceland,2002,high_income
Iceland,2003,high_income
Iceland,2004,high_income
Iceland,2005,high_income
Iceland,2006,high_income
Iceland,2007,high_income
Iceland,2008,high_income
Iceland,2009,high_income
Iceland,2010,high_income
Iceland,2011,high_income
Iceland,2012,high_income
Iceland,2013,high_income
Iceland,2014,high_income
Iceland,2015,high_income
Iceland,2016,high_income
Iceland,2017,high_income
Iceland,2018,high_income
Iceland,2019,high_income
Iceland,2020,high_income
Iceland,2021,high_income
Iceland,2022,high_income
Iceland,2023,high_income
Iceland,2024,high_income
Iceland,2025,high_income
India,1987,low_income
India,1988,low_income
India,1989,low_income
India,1990,low_income
India,1991,low_income
India,1992,low_income
India,1993,low_income
India,1994,low_income
India,1995,low_income
India,1996,low_income
India,1997,low_income
India,1998,low_income
India,1999,low_income
India,2000,low_income
India,2001,low_income
India,2002,low_income
India,2003,low_income
India,2004,low_income
India,2005,low_income
India,2006,low_income
India,2007,lower_middle
India,2008,lower_middle
India,2009,lower_middle
India,2010,lower_middle
India,2011,lower_middle
India,2012,lower_middle
India,2013,lower_middle
India,2014,lower_middle
India,2015,lower_middle
India,2016,lower_middle
India,2017,lower_middle
India,2018,lower_middle
India,2019,lower_middle
India,2020,lower_middle
India,2021,lower_middle
India,2022,lower_middle
India,2023,lower_middle
India,2024,lower_middle
India,2025,lower_middle
Indonesia,1987,low_income
Indonesia,1988,low_income
Indonesia,1989,low_income
Indonesia,1990,low_income
Indonesia,1991,low_income
Indonesia,1992,low_income
Indonesia,1993,lower_middle
Indonesia,1994,lower_middle
Indonesia,1995,lower_middle
Indonesia,1996,lower_middle
Indonesia,1997,lower_middle
Indonesia,1998,low_income
Indonesia,1999,low_income
Indonesia,2000,low_income
Indonesia,2001,low_income
Indonesia,2002,low_income
Indonesia,2003,lower_middle
Indonesia,2004,lower_middle
Indonesia,2005,lower_middle
Indonesia,2006,lower_middle
Indonesia,2007,lower_middle
Indonesia,2008,lower_middle
Indonesia,2009,lower_middle
Indonesia,2010,lower_middle
Indonesia,2011,lower_middle
Indonesia,2012,lower_middle
Indonesia,2013,lower_middle
Indonesia,2014,lower_middle
Indonesia,2015,lower_middle
Indonesia,2016,lower_middle
Indonesia,2017,lower_middle
Indonesia,2018,lower_middle
Indonesia,2019,upper_middle
Indonesia,2020,lower_middle
Indonesia,2021,lower_middle
Indonesia,2022,upper_middle
Indonesia,2023,upper_middle
Indonesia,2024,upper_middle
Indonesia,2025,upper_middle
Iran  Islamic Rep.,2022,upper_middle
Iran  Islamic Rep.,2023,upper_middle
Iran  Islamic Rep.,2024,upper_middle
Iran  Islamic Rep.,2025,upper_middle
"Iran, Islamic Rep.",1987,upper_middle
"Iran, Islamic Rep.",1988,upper_middle
"Iran, Islamic Rep.",1989,upper_middle
"Iran, Islamic Rep.",1990,lower_middle
"Iran, Islamic Rep.",1991,lower_middle
"Iran, Islamic Rep.",1992,lower_middle
"Iran, Islamic Rep.",1993,lower_middle
"Iran, Islamic Rep.",1994,lower_middle
"Iran, Islamic Rep.",1995,lower_middle
"Iran, Islamic Rep.",1996,lower_middle
"Iran, Islamic Rep.",1997,lower_middle
"Iran, Islamic Rep.",1998,lower_middle
"Iran, Islamic Rep.",1999,lower_middle
"Iran, Islamic Rep.",2000,lower_middle
"Iran, Islamic Rep.",2001,lower_middle
"Iran, Islamic Rep.",2002,lower_middle
"Iran, Islamic Rep.",2003,lower_middle
"Iran, Islamic Rep.",2004,lower_middle
"Iran, Islamic Rep.",2005,lower_middle
"Iran, Islamic Rep.",2006,lower_middle
"Iran, Islamic Rep.",2007,lower_middle
"Iran, Islamic Rep.",2008,lower_middle
"Iran, Islamic Rep.",2009,upper_middle
"Iran, Islamic Rep.",2010,upper_middle
"Iran, Islamic Rep.",2011,upper_middle
"Iran, Islamic Rep.",2012,upper_middle
"Iran, Islamic Rep.",2013,upper_middle
"Iran, Islamic Rep.",2014,upper_middle
"Iran, Islamic Rep.",2015,upper_middle
"Iran, Islamic Rep.",2016,upper_middle
"Iran, Islamic Rep.",2017,upper_middle
"Iran, Islamic Rep.",2018,upper_middle
"Iran, Islamic Rep.",2019,upper_middle
"Iran, Islamic Rep.",2020,lower_middle
"Iran, Islamic Rep.",2021,lower_middle
"Iran, Islamic Rep.",2022,lower_middle
"Iran, Islamic Rep.",2023,lower_middle
"Iran, Islamic Rep.",2024,lower_middle
"Iran, Islamic Rep.",2025,lower_middle
Iraq,1987,upper_middle
Iraq,1988,upper_middle
Iraq,1989,upper_middle
Iraq,1990,upper_middle
Iraq,1991,lower_middle
Iraq,1992,lower_middle
Iraq,1993,lower_middle
Iraq,1994,lower_middle
Iraq,1995,lower_middle
Iraq,1996,lower_middle
Iraq,1997,lower_middle
Iraq,1998,lower_middle
Iraq,1999,lower_middle
Iraq,2000,lower_middle
Iraq,2001,lower_middle
Iraq,2002,lower_middle
Iraq,2003,lower_middle
Iraq,2004,lower_middle
Iraq,2005,lower_middle
Iraq,2006,lower_middle
Iraq,2007,lower_middle
Iraq,2008,lower_middle
Iraq,2009,lower_middle
Iraq,2010,lower_middle
Iraq,2011,lower_middle
Iraq,2012,upper_middle
Iraq,2013,upper_middle
Iraq,2014,upper_middle
Iraq,2015,upper_middle
Iraq,2016,upper_middle
Iraq,2017,upper_middle
Iraq,2018,upper_middle
Iraq,2019,upper_middle
Iraq,2020,upper_middle
Iraq,2021,upper_middle
Iraq,2022,upper_middle
Iraq,2023,upper_middle
Iraq,2024,upper_middle
Iraq,2025,upper_middle
Ireland,1987,high_income
Ireland,1988,high_income
Ireland,1989,high_income
Ireland,1990,high_income
Ireland,1991,high_income
Ireland,1992,high_income
Ireland,1993,high_income
Ireland,1994,high_income
Ireland,1995,high_income
Ireland,1996,high_income
Ireland,1997,high_income
Ireland,1998,high_income
Ireland,1999,high_income
Ireland,2000,high_income
Ireland,2001,high_income
Ireland,2002,high_income
Ireland,2003,high_income
Ireland,2004,high_income
Ireland,2005,high_income
Ireland,2006,high_income
Ireland,2007,high_income
Ireland,2008,high_income
Ireland,2009,high_income
Ireland,2010,high_income
Ireland,2011,high_income
Ireland,2012,high_income
Ireland,2013,high_income
Ireland,2014,high_income
Ireland,2015,high_income
Ireland,2016,high_income
Ireland,2017,high_income
Ireland,2018,high_income
Ireland,2019,high_income
Ireland,2020,high_income
Ireland,2021,high_income
Ireland,2022,high_income
Ireland,2023,high_income
Ireland,2024,high_income
Ireland,2025,high_income
Isle of Man,1987,high_income
Isle of Man,1988,high_income
Isle of Man,1989,high_income
Isle of Man,1990,upper_middle
Isle of Man,1991,upper_middle
Isle of Man,1992,upper_middle
Isle of Man,1993,upper_middle
Isle of Man,1994,upper_middle
Isle of Man,1995,upper_middle
Isle of Man,1996,upper_middle
Isle of Man,1997,upper_middle
Isle of Man,1998,upper_middle
Isle of Man,1999,upper_middle
Isle of Man,2000,upper_middle
Isle of Man,2001,upper_middle
Isle of Man,2002,high_income
Isle of Man,2003,high_income
Isle of Man,2004,high_income
Isle of Man,2005,high_income
Isle of Man,2006,high_income
Isle of Man,2007,high_income
Isle of Man,2008,high_income
Isle of Man,2009,high_income
Isle of Man,2010,high_income
Isle of Man,2011,high_income
Isle of Man,2012,high_income
Isle of Man,2013,high_income
Isle of Man,2014,high_income
Isle of Man,2015,high_income
Isle of Man,2016,high_income
Isle of Man,2017,high_income
Isle of Man,2018,high_income
Isle of Man,2019,high_income
Isle of Man,2020,high_income
Isle of Man,2021,high_income
Isle of Man,2022,high_income
Isle of Man,2023,high_income
Isle of Man,2024,high_income
Isle of Man,2025,high_income
Israel,1987,high_income
Israel,1988,high_income
Israel,1989,high_income
Israel,1990,high_income
Israel,1991,high_income
Israel,1992,high_income
Israel,1993,high_income
Israel,1994,high_income
Israel,1995,high_income
Israel,1996,high_income
Israel,1997,high_income
Israel,1998,high_income
Israel,1999,high_income
Israel,2000,high_income
Israel,2001,high_income
Israel,2002,high_income
Israel,2003,high_income
Israel,2004,high_income
Israel,2005,high_income
Israel,2006,high_income
Israel,2007,high_income
Israel,2008,high_income
Israel,2009,high_income
Israel,2010,high_income
Israel,2011,high_income
Israel,2012,high_income
Israel,2013,high_income
Israel,2014,high_income
Israel,2015,high_income
Israel,2016,high_income
Israel,2017,high_income
Israel,2018,high_income
Israel,2019,high_income
Israel,2020,high_income
Israel,2021,high_income
Israel,2022,high_income
Israel,2023,high_income
Israel,2024,high_income
Israel,2025,high_income
Italy,1987,high_income
Italy,1988,high_income
Italy,1989,high_income
Italy,1990,high_income
Italy,1991,high_income
Italy,1992,high_income
Italy,1993,high_income
Italy,1994,high_income
Italy,1995,high_income
Italy,1996,high_income
Italy,1997,high_income
Italy,1998,high_income
Italy,1999,high_income
Italy,2000,high_income
Italy,2001,high_income
Italy,2002,high_income
Italy,2003,high_income
Italy,2004,high_income
Italy,2005,high_income
Italy,2006,high_income
Italy,2007,high_income
Italy,2008,high_income
Italy,2009,high_income
Italy,2010,high_income
Italy,2011,high_income
Italy,2012,high_income
Italy,2013,high_income
Italy,2014,high_income
Italy,2015,high_income
Italy,2016,high_income
Italy,2017,high_income
Italy,2018,high_income
Italy,2019,high_income
Italy,2020,high_income
Italy,2021,high_income
Italy,2022,high_income
Italy,2023,high_income
Italy,2024,high_income
Italy,2025,high_income
Jamaica,1987,lower_middle
Jamaica,1988,lower_middle
Jamaica,1989,lower_middle
Jamaica,1990,lower_middle
Jamaica,1991,lower_middle
Jamaica,1992,lower_middle
Jamaica,1993,lower_middle
Jamaica,1994,lower_middle
Jamaica,1995,lower_middle
Jamaica,1996,lower_middle
Jamaica,1997,lower_middle
Jamaica,1998,lower_middle
Jamaica,1999,lower_middle
Jamaica,2000,lower_middle
Jamaica,2001,lower_middle
Jamaica,2002,lower_middle
Jamaica,2003,lower_middle
Jamaica,2004,lower_middle
Jamaica,2005,lower_middle
Jamaica,2006,lower_middle
Jamaica,2007,upper_middle
Jamaica,2008,upper_middle
Jamaica,2009,upper_middle
Jamaica,2010,upper_middle
Jamaica,2011,upper_middle
Jamaica,2012,upper_middle
Jamaica,2013,upper_middle
Jamaica,2014,upper_middle
Jamaica,2015,upper_middle
Jamaica,2016,upper_middle
Jamaica,2017,upper_middle
Jamaica,2018,upper_middle
Jamaica,2019,upper_middle
Jamaica,2020,upper_middle
Jamaica,2021,upper_middle
Jamaica,2022,upper_middle
Jamaica,2023,upper_middle
Jamaica,2024,upper_middle
Jamaica,2025,upper_middle
Japan,1987,high_income
Japan,1988,high_income
Japan,1989,high_income
Japan,1990,high_income
Japan,1991,high_income
Japan,1992,high_income
Japan,1993,high_income
Japan,1994,high_income
Japan,1995,high_income
Japan,1996,high_income
Japan,1997,high_income
Japan,1998,high_income
Japan,1999,high_income
Japan,2000,high_income
Japan,2001,high_income
Japan,2002,high_income
Japan,2003,high_income
Japan,2004,high_income
Japan,2005,high_income
Japan,2006,high_income
Japan,2007,high_income
Japan,2008,high_income
Japan,2009,high_income
Japan,2010,high_income
Japan,2011,high_income
Japan,2012,high_income
Japan,2013,high_income
Japan,2014,high_income
Japan,2015,high_income
Japan,2016,high_income
Japan,2017,high_income
Japan,2018,high_income
Japan,2019,high_income
Japan,2020,high_income
Japan,2021,high_income
Japan,2022,high_income
Japan,2023,high_income
Japan,2024,high_income
Japan,2025,high_income
Jordan,1987,lower_middle
Jordan,1988,lower_middle
Jordan,1989,lower_middle
Jordan,1990,lower_middle
Jordan,1991,lower_middle
Jordan,1992,lower_middle
Jordan,1993,lower_middle
Jordan,1994,lower_middle
Jordan,1995,lower_middle
Jordan,1996,lower_middle
Jordan,1997,lower_middle
Jordan,1998,lower_middle
Jordan,1999,lower_middle
Jordan,2000,lower_middle
Jordan,2001,lower_middle
Jordan,2002,lower_middle
Jordan,2003,lower_middle
Jordan,2004,lower_middle
Jordan,2005,lower_middle
Jordan,2006,lower_middle
Jordan,2007,lower_middle
Jordan,2008,lower_middle
Jordan,2009,lower_middle
Jordan,2010,upper_middle
Jordan,2011,upper_middle
Jordan,2012,upper_middle
Jordan,2013,upper_middle
Jordan,2014,upper_middle
Jordan,2015,upper_middle
Jordan,2016,lower_middle
Jordan,2017,upper_middle
Jordan,2018,upper_middle
Jordan,2019,upper_middle
Jordan,2020,upper_middle
Jordan,2021,upper_middle
Jordan,2022,lower_middle
Jordan,2023,lower_middle
Jordan,2024,lower_middle
Jordan,2025,lower_middle
Kazakhstan,1991,lower_middle
Kazakhstan,1992,lower_middle
Kazakhstan,1993,lower_middle
Kazakhstan,1994,lower_middle
Kazakhstan,1995,lower_middle
Kazakhstan,1996,lower_middle
Kazakhstan,1997,lower_middle
Kazakhstan,1998,lower_middle
Kazakhstan,1999,lower_middle
Kazakhstan,2000,lower_middle
Kazakhstan,2001,lower_middle
Kazakhstan,2002,lower_middle
Kazakhstan,2003,lower_middle
Kazakhstan,2004,lower_middle
Kazakhstan,2005,lower_middle
Kazakhstan,2006,upper_middle
Kazakhstan,2007,upper_middle
Kazakhstan,2008,upper_middle
Kazakhstan,2009,upper_middle
Kazakhstan,2010,upper_middle
Kazakhstan,2011,upper_middle
Kazakhstan,2012,upper_middle
Kazakhstan,2013,upper_middle
Kazakhstan,2014,upper_middle
Kazakhstan,2015,upper_middle
Kazakhstan,2016,upper_middle
Kazakhstan,2017,upper_middle
Kazakhstan,2018,upper_middle
Kazakhstan,2019,upper_middle
Kazakhstan,2020,upper_middle
Kazakhstan,2021,upper_middle
Kazakhstan,2022,upper_middle
Kazakhstan,2023,upper_middle
Kazakhstan,2024,upper_middle
Kazakhstan,2025,upper_middle
Kenya,1987,low_income
Kenya,1988,low_income
Kenya,1989,low_income
Kenya,1990,low_income
Kenya,1991,low_income
Kenya,1992,low_income
Kenya,1993,low_income
Kenya,1994,low_income
Kenya,1995,low_income
Kenya,1996,low_income
Kenya,1997,low_income
Kenya,1998,low_income
Kenya,1999,low_income
Kenya,2000,low_income
Kenya,2001,low_income
Kenya,2002,low_income
Kenya,2003,low_income
Kenya,2004,low_income
Kenya,2005,low_income
Kenya,2006,low_income
Kenya,2007,low_income
Kenya,2008,low_income
Kenya,2009,low_income
Kenya,2010,low_income
Kenya,2011,low_income
Kenya,2012,low_income
Kenya,2013,low_income
Kenya,2014,lower_middle
Kenya,2015,lower_middle
Kenya,2016,lower_middle
Kenya,2017,lower_middle
Kenya,2018,lower_middle
Kenya,2019,lower_middle
Kenya,2020,lower_middle
Kenya,2021,lower_middle
Kenya,2022,lower_middle
Kenya,2023,lower_middle
Kenya,2024,lower_middle
Kenya,2025,lower_middle
Kiribati,1987,lower_middle
Kiribati,1988,lower_middle
Kiribati,1989,lower_middle
Kiribati,1990,lower_middle
Kiribati,1991,lower_middle
Kiribati,1992,lower_middle
Kiribati,1993,lower_middle
Kiribati,1994,lower_middle
Kiribati,1995,lower_middle
Kiribati,1996,lower_middle
Kiribati,1997,lower_middle
Kiribati,1998,lower_middle
Kiribati,1999,lower_middle
Kiribati,2000,lower_middle
Kiribati,2001,lower_middle
Kiribati,2002,lower_middle
Kiribati,2003,lower_middle
Kiribati,2004,lower_middle
Kiribati,2005,lower_middle
Kiribati,2006,lower_middle
Kiribati,2007,lower_middle
Kiribati,2008,lower_middle
Kiribati,2009,lower_middle
Kiribati,2010,lower_middle
Kiribati,2011,lower_middle
Kiribati,2012,lower_middle
Kiribati,2013,lower_middle
Kiribati,2014,lower_middle
Kiribati,2015,lower_middle
Kiribati,2016,lower_middle
Kiribati,2017,lower_middle
Kiribati,2018,lower_middle
Kiribati,2019,lower_middle
Kiribati,2020,lower_middle
Kiribati,2021,lower_middle
Kiribati,2022,lower_middle
Kiribati,2023,lower_middle
Kiribati,2024,lower_middle
Kiribati,2025,lower_middle
Korea  Dem. People's Rep.,2022,low_income
Korea  Dem. People's Rep.,2023,low_income
Korea  Dem. People's Rep.,2024,low_income
Korea  Dem. People's Rep.,2025,low_income
Korea  Rep.,2022,high_income
Korea  Rep.,2023,high_income
Korea  Rep.,2024,high_income
Korea  Rep.,2025,high_income
"Korea, Dem. Rep.",1990,lower_middle
"Korea, Dem. Rep.",1991,lower_middle
"Korea, Dem. Rep.",1992,lower_middle
"Korea, Dem. Rep.",1993,lower_middle
"Korea, Dem. Rep.",1994,lower_middle
"Korea, Dem. Rep.",1995,lower_middle
"Korea, Dem. Rep.",1996,lower_middle
"Korea, Dem. Rep.",1997,lower_middle
"Korea, Dem. Rep.",1998,low_income
"Korea, Dem. Rep.",1999,low_income
"Korea, Dem. Rep.",2000,low_income
"Korea, Dem. Rep.",2001,low_income
"Korea, Dem. Rep.",2002,low_income
"Korea, Dem. Rep.",2003,low_income
"Korea, Dem. Rep.",2004,low_income
"Korea, Dem. Rep.",2005,low_income
"Korea, Dem. Rep.",2006,low_income
"Korea, Dem. Rep.",2007,low_income
"Korea, Dem. Rep.",2008,low_income
"Korea, Dem. Rep.",2009,low_income
"Korea, Dem. Rep.",2010,low_income
"Korea, Dem. Rep.",2011,low_income
"Korea, Dem. Rep.",2012,low_income
"Korea, Dem. Rep.",2013,low_income
"Korea, Dem. Rep.",2014,low_income
"Korea, Dem. Rep.",2015,low_income
"Korea, Dem. Rep.",2016,low_income
"Korea, Dem. Rep.",2017,low_income
"Korea, Dem. Rep.",2018,low_income
"Korea, Dem. Rep.",2019,low_income
"Korea, Dem. Rep.",2020,low_income
"Korea, Dem. Rep.",2021,low_income
"Korea, Dem. Rep.",2022,low_income
"Korea, Dem. Rep.",2023,low_income
"Korea, Dem. Rep.",2024,low_income
"Korea, Dem. Rep.",2025,low_income
"Korea, Rep.",1987,upper_middle
"Korea, Rep.",1988,upper_middle
"Korea, Rep.",1989,upper_middle
"Korea, Rep.",1990,upper_middle
"Korea, Rep.",1991,upper_middle
"Korea, Rep.",1992,upper_middle
"Korea, Rep.",1993,upper_middle
"Korea, Rep.",1994,upper_middle
"Korea, Rep.",1995,high_income
"Korea, Rep.",1996,high_income
"Korea, Rep.",1997,high_income
"Korea, Rep.",1998,upper_middle
"Korea, Rep.",1999,upper_middle
"Korea, Rep.",2000,upper_middle
"Korea, Rep.",2001,high_income
"Korea, Rep.",2002,high_income
"Korea, Rep.",2003,high_income
"Korea, Rep.",2004,high_income
"Korea, Rep.",2005,high_income
"Korea, Rep.",2006,high_income
"Korea, Rep.",2007,high_income
"Korea, Rep.",2008,high_income
"Korea, Rep.",2009,high_income
"Korea, Rep.",2010,high_income
"Korea, Rep.",2011,high_income
"Korea, Rep.",2012,high_income
"Korea, Rep.",2013,high_income
"Korea, Rep.",2014,high_income
"Korea, Rep.",2015,high_income
"Korea, Rep.",2016,high_income
"Korea, Rep.",2017,high_income
"Korea, Rep.",2018,high_income
"Korea, Rep.",2019,high_income
"Korea, Rep.",2020,high_income
"Korea, Rep.",2021,high_income
"Korea, Rep.",2022,high_income
"Korea, Rep.",2023,high_income
"Korea, Rep.",2024,high_income
"Korea, Rep.",2025,high_income
Kosovo,2008,lower_middle
Kosovo,2009,lower_middle
Kosovo,2010,lower_middle
Kosovo,2011,lower_middle
Kosovo,2012,lower_middle
Kosovo,2013,lower_middle
Kosovo,2014,lower_middle
Kosovo,2015,lower_middle
Kosovo,2016,lower_middle
Kosovo,2017,lower_middle
Kosovo,2018,upper_middle
Kosovo,2019,upper_middle
Kosovo,2020,upper_middle
Kosovo,2021,upper_middle
Kosovo,2022,upper_middle
Kosovo,2023,upper_middle
Kosovo,2024,upper_middle
Kosovo,2025,upper_middle
Kuwait,1987,high_income
Kuwait,1988,high_income
Kuwait,1989,high_income
Kuwait,1990,high_income
Kuwait,1991,high_income
Kuwait,1992,high_income
Kuwait,1993,high_income
Kuwait,1994,high_income
Kuwait,1995,high_income
Kuwait,1996,high_income
Kuwait,1997,high_income
Kuwait,1998,high_income
Kuwait,1999,high_income
Kuwait,2000,high_income
Kuwait,2001,high_income
Kuwait,2002,high_income
Kuwait,2003,high_income
Kuwait,2004,high_income
Kuwait,2005,high_income
Kuwait,2006,high_income
Kuwait,2007,high_income
Kuwait,2008,high_income
Kuwait,2009,high_income
Kuwait,2010,high_income
Kuwait,2011,high_income
Kuwait,2012,high_income
Kuwait,2013,high_income
Kuwait,2014,high_income
Kuwait,2015,high_income
Kuwait,2016,high_income
Kuwait,2017,high_income
Kuwait,2018,high_income
Kuwait,2019,high_income
Kuwait,2020,high_income
Kuwait,2021,high_income
Kuwait,2022,high_income
Kuwait,2023,high_income
Kuwait,2024,high_income
Kuwait,2025,high_income
Kyrgyz Republic,1991,lower_middle
Kyrgyz Republic,1992,lower_middle
Kyrgyz Republic,1993,lower_middle
Kyrgyz Republic,1994,low_income
Kyrgyz Republic,1995,low_income
Kyrgyz Republic,1996,low_income
Kyrgyz Republic,1997,low_income
Kyrgyz Republic,1998,low_income
Kyrgyz Republic,1999,low_income
Kyrgyz Republic,2000,low_income
Kyrgyz Republic,2001,low_income
Kyrgyz Republic,2002,low_income
Kyrgyz Republic,2003,low_income
Kyrgyz Republic,2004,low_income
Kyrgyz Republic,2005,low_income
Kyrgyz Republic,2006,low_income
Kyrgyz Republic,2007,low_income
Kyrgyz Republic,2008,low_income
Kyrgyz Republic,2009,low_income
Kyrgyz Republic,2010,low_income
Kyrgyz Republic,2011,low_income
Kyrgyz Republic,2012,low_income
Kyrgyz Republic,2013,lower_middle
Kyrgyz Republic,2014,lower_middle
Kyrgyz Republic,2015,lower_middle
Kyrgyz Republic,2016,lower_middle
Kyrgyz Republic,2017,lower_middle
Kyrgyz Republic,2018,lower_middle
Kyrgyz Republic,2019,lower_middle
Kyrgyz Republic,2020,lower_middle
Kyrgyz Republic,2021,lower_middle
Kyrgyz Republic,2022,lower_middle
Kyrgyz Republic,2023,lower_middle
Kyrgyz Republic,2024,lower_middle
Kyrgyz Republic,2025,lower_middle
Lao PDR,1987,low_income
Lao PDR,1988,low_income
Lao PDR,1989,low_income
Lao PDR,1990,low_income
Lao PDR,1991,low_income
Lao PDR,1992,low_income
Lao PDR,1993,low_income
Lao PDR,1994,low_income
Lao PDR,1995,low_income
Lao PDR,1996,low_income
Lao PDR,1997,low_income
Lao PDR,1998,low_income
Lao PDR,1999,low_income
Lao PDR,2000,low_income
Lao PDR,2001,low_income
Lao PDR,2002,low_income
Lao PDR,2003,low_income
Lao PDR,2004,low_income
Lao PDR,2005,low_income
Lao PDR,2006,low_income
Lao PDR,2007,low_income
Lao PDR,2008,low_income
Lao PDR,2009,low_income
Lao PDR,2010,lower_middle
Lao PDR,2011,lower_middle
Lao PDR,2012,lower_middle
Lao PDR,2013,lower_middle
Lao PDR,2014,lower_middle
Lao PDR,2015,lower_middle
Lao PDR,2016,lower_middle
Lao PDR,2017,lower_middle
Lao PDR,2018,lower_middle
Lao PDR,2019,lower_middle
Lao PDR,2020,lower_middle
Lao PDR,2021,lower_middle
Lao PDR,2022,lower_middle
Lao PDR,2023,lower_middle
Lao PDR,2024,lower_middle
Lao PDR,2025,lower_middle
Latvia,1991,upper_middle
Latvia,1992,lower_middle
Latvia,1993,lower_middle
Latvia,1994,lower_middle
Latvia,1995,lower_middle
Latvia,1996,lower_middle
Latvia,1997,lower_middle
Latvia,1998,lower_middle
Latvia,1999,lower_middle
Latvia,2000,lower_middle
Latvia,2001,upper_middle
Latvia,2002,upper_middle
Latvia,2003,upper_middle
Latvia,2004,upper_middle
Latvia,2005,upper_middle
Latvia,2006,upper_middle
Latvia,2007,upper_middle
Latvia,2008,upper_middle
Latvia,2009,high_income
Latvia,2010,upper_middle
Latvia,2011,upper_middle
Latvia,2012,high_income
Latvia,2013,high_income
Latvia,2014,high_income
Latvia,2015,high_income
Latvia,2016,high_income
Latvia,2017,high_income
Latvia,2018,high_income
Latvia,2019,high_income
Latvia,2020,high_income
Latvia,2021,high_income
Latvia,2022,high_income
Latvia,2023,high_income
Latvia,2024,high_income
Latvia,2025,high_income
Lebanon,1987,lower_middle
Lebanon,1988,lower_middle
Lebanon,1989,lower_middle
Lebanon,1990,lower_middle
Lebanon,1991,lower_middle
Lebanon,1992,lower_middle
Lebanon,1993,lower_middle
Lebanon,1994,lower_middle
Lebanon,1995,lower_middle
Lebanon,1996,lower_middle
Lebanon,1997,upper_middle
Lebanon,1998,upper_middle
Lebanon,1999,upper_middle
Lebanon,2000,upper_middle
Lebanon,2001,upper_middle
Lebanon,2002,upper_middle
Lebanon,2003,upper_middle
Lebanon,2004,upper_middle
Lebanon,2005,upper_middle
Lebanon,2006,upper_middle
Lebanon,2007,upper_middle
Lebanon,2008,upper_middle
Lebanon,2009,upper_middle
Lebanon,2010,upper_middle
Lebanon,2011,upper_middle
Lebanon,2012,upper_middle
Lebanon,2013,upper_middle
Lebanon,2014,upper_middle
Lebanon,2015,upper_middle
Lebanon,2016,upper_middle
Lebanon,2017,upper_middle
Lebanon,2018,upper_middle
Lebanon,2019,upper_middle
Lebanon,2020,upper_middle
Lebanon,2021,lower_middle
Lebanon,2022,lower_middle
Lebanon,2023,lower_middle
Lebanon,2024,lower_middle
Lebanon,2025,lower_middle
Lesotho,1987,low_income
Lesotho,1988,low_income
Lesotho,1989,low_income
Lesotho,1990,low_income
Lesotho,1991,low_income
Lesotho,1992,low_income
Lesotho,1993,low_income
Lesotho,1994,low_income
Lesotho,1995,lower_middle
Lesotho,1996,low_income
Lesotho,1997,low_income
Lesotho,1998,low_income
Lesotho,1999,low_income
Lesotho,2000,low_income
Lesotho,2001,low_income
Lesotho,2002,low_income
Lesotho,2003,low_income
Lesotho,2004,low_income
Lesotho,2005,lower_middle
Lesotho,2006,lower_middle
Lesotho,2007,lower_middle
Lesotho,2008,lower_middle
Lesotho,2009,lower_middle
Lesotho,2010,lower_middle
Lesotho,2011,lower_middle
Lesotho,2012,lower_middle
Lesotho,2013,lower_middle
Lesotho,2014,lower_middle
Lesotho,2015,lower_middle
Lesotho,2016,lower_middle
Lesotho,2017,lower_middle
Lesotho,2018,lower_middle
Lesotho,2019,lower_middle
Lesotho,2020,lower_middle
Lesotho,2021,lower_middle
Lesotho,2022,lower_middle
Lesotho,2023,lower_middle
Lesotho,2024,lower_middle
Lesotho,2025,lower_middle
Liberia,1987,low_income
Liberia,1988,low_income
Liberia,1989,low_income
Liberia,1990,low_income
Liberia,1991,low_income
Liberia,1992,low_income
Liberia,1993,low_income
Liberia,1994,low_income
Liberia,1995,low_income
Liberia,1996,low_income
Liberia,1997,low_income
Liberia,1998,low_income
Liberia,1999,low_income
Liberia,2000,low_income
Liberia,2001,low_income
Liberia,2002,low_income
Liberia,2003,low_income
Liberia,2004,low_income
Liberia,2005,low_income
Liberia,2006,low_income
Liberia,2007,low_income
Liberia,2008,low_income
Liberia,2009,low_income
Liberia,2010,low_income
Liberia,2011,low_income
Liberia,2012,low_income
Liberia,2013,low_income
Liberia,2014,low_income
Liberia,2015,low_income
Liberia,2016,low_income
Liberia,2017,low_income
Liberia,2018,low_income
Liberia,2019,low_income
Liberia,2020,low_income
Liberia,2021,low_income
Liberia,2022,low_income
Liberia,2023,low_income
Liberia,2024,low_income
Liberia,2025,low_income
Libya,1987,upper_middle
Libya,1988,upper_middle
Libya,1989,upper_middle
Libya,1990,upper_middle
Libya,1991,upper_middle
Libya,1992,upper_middle
Libya,1993,upper_middle
Libya,1994,upper_middle
Libya,1995,upper_middle
Libya,1996,upper_middle
Libya,1997,upper_middle
Libya,1998,upper_middle
Libya,1999,upper_middle
Libya,2000,upper_middle
Libya,2001,upper_middle
Libya,2002,upper_middle
Libya,2003,upper_middle
Libya,2004,upper_middle
Libya,2005,upper_middle
Libya,2006,upper_middle
Libya,2007,upper_middle
Libya,2008,upper_middle
Libya,2009,upper_middle
Libya,2010,upper_middle
Libya,2011,upper_middle
Libya,2012,upper_middle
Libya,2013,upper_middle
Libya,2014,upper_middle
Libya,2015,upper_middle
Libya,2016,upper_middle
Libya,2017,upper_middle
Libya,2018,upper_middle
Libya,2019,upper_middle
Libya,2020,upper_middle
Libya,2021,upper_middle
Libya,2022,upper_middle
Libya,2023,upper_middle
Libya,2024,upper_middle
Libya,2025,upper_middle
Liechtenstein,1994,high_income
Liechtenstein,1995,high_income
Liechtenstein,1996,high_income
Liechtenstein,1997,high_income
Liechtenstein,1998,high_income
Liechtenstein,1999,high_income
Liechtenstein,2000,high_income
Liechtenstein,2001,high_income
Liechtenstein,2002,high_income
Liechtenstein,2003,high_income
Liechtenstein,2004,high_income
Liechtenstein,2005,high_income
Liechtenstein,2006,high_income
Liechtenstein,2007,high_income
Liechtenstein,2008,high_income
Liechtenstein,2009,high_income
Liechtenstein,2010,high_income
Liechtenstein,2011,high_income
Liechtenstein,2012,high_income
Liechtenstein,2013,high_income
Liechtenstein,2014,high_income
Liechtenstein,2015,high_income
Liechtenstein,2016,high_income
Liechtenstein,2017,high_income
Liechtenstein,2018,high_income
Liechtenstein,2019,high_income
Liechtenstein,2020,high_income
Liechtenstein,2021,high_income
Liechtenstein,2022,high_income
Liechtenstein,2023,high_income
Liechtenstein,2024,high_income
Liechtenstein,2025,high_income
Lithuania,1991,upper_middle
Lithuania,1992,lower_middle
Lithuania,1993,lower_middle
Lithuania,1994,lower_middle
Lithuania,1995,lower_middle
Lithuania,1996,lower_middle
Lithuania,1997,lower_middle
Lithuania,1998,lower_middle
Lithuania,1999,lower_middle
Lithuania,2000,lower_middle
Lithuania,2001,upper_middle
Lithuania,2002,upper_middle
Lithuania,2003,upper_middle
Lithuania,2004,upper_middle
Lithuania,2005,upper_middle
Lithuania,2006,upper_middle
Lithuania,2007,upper_middle
Lithuania,2008,upper_middle
Lithuania,2009,upper_middle
Lithuania,2010,upper_middle
Lithuania,2011,upper_middle
Lithuania,2012,high_income
Lithuania,2013,high_income
Lithuania,2014,high_income
Lithuania,2015,high_income
Lithuania,2016,high_income
Lithuania,2017,high_income
Lithuania,2018,high_income
Lithuania,2019,high_income
Lithuania,2020,high_income
Lithuania,2021,high_income
Lithuania,2022,high_income
Lithuania,2023,high_income
Lithuania,2024,high_income
Lithuania,2025,high_income
Luxembourg,1987,high_income
Luxembourg,1988,high_income
Luxembourg,1989,high_income
Luxembourg,1990,high_income
Luxembourg,1991,high_income
Luxembourg,1992,high_income
Luxembourg,1993,high_income
Luxembourg,1994,high_income
Luxembourg,1995,high_income
Luxembourg,1996,high_income
Luxembourg,1997,high_income
Luxembourg,1998,high_income
Luxembourg,1999,high_income
Luxembourg,2000,high_income
Luxembourg,2001,high_income
Luxembourg,2002,high_income
Luxembourg,2003,high_income
Luxembourg,2004,high_income
Luxembourg,2005,high_income
Luxembourg,2006,high_income
Luxembourg,2007,high_income
Luxembourg,2008,high_income
Luxembourg,2009,high_income
Luxembourg,2010,high_income
Luxembourg,2011,high_income
Luxembourg,2012,high_income
Luxembourg,2013,high_income
Luxembourg,2014,high_income
Luxembourg,2015,high_income
Luxembourg,2016,high_income
Luxembourg,2017,high_income
Luxembourg,2018,high_income
Luxembourg,2019,high_income
Luxembourg,2020,high_income
Luxembourg,2021,high_income
Luxembourg,2022,high_income
Luxembourg,2023,high_income
Luxembourg,2024,high_income
Luxembourg,2025,high_income
Macao SAR  China,2022,high_income
Macao SAR  China,2023,high_income
Macao SAR  China,2024,high_income
Macao SAR  China,2025,high_income
"Macao SAR, China",1987,upper_middle
"Macao SAR, China",1988,upper_middle
"Macao SAR, China",1989,upper_middle
"Macao SAR, China",1990,upper_middle
"Macao SAR, China",1991,upper_middle
"Macao SAR, China",1992,upper_middle
"Macao SAR, China",1993,upper_middle
"Macao SAR, China",1994,high_income
"Macao SAR, China",1995,high_income
"Macao SAR, China",1996,high_income
"Macao SAR, China",1997,high_income
"Macao SAR, China",1998,high_income
"Macao SAR, China",1999,high_income
"Macao SAR, China",2000,high_income
"Macao SAR, China",2001,high_income
"Macao SAR, China",2002,high_income
"Macao SAR, China",2003,high_income
"Macao SAR, China",2004,high_income
"Macao SAR, China",2005,high_income
"Macao SAR, China",2006,high_income
"Macao SAR, China",2007,high_income
"Macao SAR, China",2008,high_income
"Macao SAR, China",2009,high_income
"Macao SAR, China",2010,high_income
"Macao SAR, China",2011,high_income
"Macao SAR, China",2012,high_income
"Macao SAR, China",2013,high_income
"Macao SAR, China",2014,high_income
"Macao SAR, China",2015,high_income
"Macao SAR, China",2016,high_income
"Macao SAR, China",2017,high_income
"Macao SAR, China",2018,high_income
"Macao SAR, China",2019,high_income
"Macao SAR, China",2020,high_income
"Macao SAR, China",2021,high_income
"Macao SAR, China",2022,high_income
"Macao SAR, China",2023,high_income
"Macao SAR, China",2024,high_income
"Macao SAR, China",2025,high_income
Madagascar,1987,low_income
Madagascar,1988,low_income
Madagascar,1989,low_income
Madagascar,1990,low_income
Madagascar,1991,low_income
Madagascar,1992,low_income
Madagascar,1993,low_income
Madagascar,1994,low_income
Madagascar,1995,low_income
Madagascar,1996,low_income
Madagascar,1997,low_income
Madagascar,1998,low_income
Madagascar,1999,low_income
Madagascar,2000,low_income
Madagascar,2001,low_income
Madagascar,2002,low_income
Madagascar,2003,low_income
Madagascar,2004,low_income
Madagascar,2005,low_income
Madagascar,2006,low_income
Madagascar,2007,low_income
Madagascar,2008,low_income
Madagascar,2009,low_income
Madagascar,2010,low_income
Madagascar,2011,low_income
Madagascar,2012,low_income
Madagascar,2013,low_income
Madagascar,2014,low_income
Madagascar,2015,low_income
Madagascar,2016,low_income
Madagascar,2017,low_income
Madagascar,2018,low_income
Madagascar,2019,low_income
Madagascar,2020,low_income
Madagascar,2021,low_income
Madagascar,2022,low_income
Madagascar,2023,low_income
Madagascar,2024,low_income
Madagascar,2025,low_income
Malawi,1987,low_income
Malawi,1988,low_income
Malawi,1989,low_income
Malawi,1990,low_income
Malawi,1991,low_income
Malawi,1992,low_income
Malawi,1993,low_income
Malawi,1994,low_income
Malawi,1995,low_income
Malawi,1996,low_income
Malawi,1997,low_income
Malawi,1998,low_income
Malawi,1999,low_income
Malawi,2000,low_income
Malawi,2001,low_income
Malawi,2002,low_income
Malawi,2003,low_income
Malawi,2004,low_income
Malawi,2005,low_income
Malawi,2006,low_income
Malawi,2007,low_income
Malawi,2008,low_income
Malawi,2009,low_income
Malawi,2010,low_income
Malawi,2011,low_income
Malawi,2012,low_income
Malawi,2013,low_income
Malawi,2014,low_income
Malawi,2015,low_income
Malawi,2016,low_income
Malawi,2017,low_income
Malawi,2018,low_income
Malawi,2019,low_income
Malawi,2020,low_income
Malawi,2021,low_income
Malawi,2022,low_income
Malawi,2023,low_income
Malawi,2024,low_income
Malawi,2025,low_income
Malaysia,1987,lower_middle
Malaysia,1988,lower_middle
Malaysia,1989,lower_middle
Malaysia,1990,lower_middle
Malaysia,1991,lower_middle
Malaysia,1992,upper_middle
Malaysia,1993,upper_middle
Malaysia,1994,upper_middle
Malaysia,1995,upper_middle
Malaysia,1996,upper_middle
Malaysia,1997,upper_middle
Malaysia,1998,upper_middle
Malaysia,1999,upper_middle
Malaysia,2000,upper_middle
Malaysia,2001,upper_middle
Malaysia,2002,upper_middle
Malaysia,2003,upper_middle
Malaysia,2004,upper_middle
Malaysia,2005,upper_middle
Malaysia,2006,upper_middle
Malaysia,2007,upper_middle
Malaysia,2008,upper_middle
Malaysia,2009,upper_middle
Malaysia,2010,upper_middle
Malaysia,2011,upper_middle
Malaysia,2012,upper_middle
Malaysia,2013,upper_middle
Malaysia,2014,upper_middle
Malaysia,2015,upper_middle
Malaysia,2016,upper_middle
Malaysia,2017,upper_middle
Malaysia,2018,upper_middle
Malaysia,2019,upper_middle
Malaysia,2020,upper_middle
Malaysia,2021,upper_middle
Malaysia,2022,upper_middle
Malaysia,2023,upper_middle
Malaysia,2024,upper_middle
Malaysia,2025,upper_middle
Maldives,1987,low_income
Maldives,1988,low_income
Maldives,1989,low_income
Maldives,1990,low_income
Maldives,1991,low_income
Maldives,1992,low_income
Maldives,1993,lower_middle
Maldives,1994,lower_middle
Maldives,1995,lower_middle
Maldives,1996,lower_middle
Maldives,1997,lower_middle
Maldives,1998,lower_middle
Maldives,1999,lower_middle
Maldives,2000,lower_middle
Maldives,2001,lower_middle
Maldives,2002,lower_middle
Maldives,2003,lower_middle
Maldives,2004,lower_middle
Maldives,2005,lower_middle
Maldives,2006,lower_middle
Maldives,2007,lower_middle
Maldives,2008,lower_middle
Maldives,2009,lower_middle
Maldives,2010,upper_middle
Maldives,2011,upper_middle
Maldives,2012,upper_middle
Maldives,2013,upper_middle
Maldives,2014,upper_middle
Maldives,2015,upper_middle
Maldives,2016,upper_middle
Maldives,2017,upper_middle
Maldives,2018,upper_middle
Maldives,2019,upper_middle
Maldives,2020,upper_middle
Maldives,2021,upper_middle
Maldives,2022,upper_middle
Maldives,2023,upper_middle
Maldives,2024,upper_middle
Maldives,2025,upper_middle
Mali,1987,low_income
Mali,1988,low_income
Mali,1989,low_income
Mali,1990,low_income
Mali,1991,low_income
Mali,1992,low_income
Mali,1993,low_income
Mali,1994,low_income
Mali,1995,low_income
Mali,1996,low_income
Mali,1997,low_income
Mali,1998,low_income
Mali,1999,low_income
Mali,2000,low_income
Mali,2001,low_income
Mali,2002,low_income
Mali,2003,low_income
Mali,2004,low_income
Mali,2005,low_income
Mali,2006,low_income
Mali,2007,low_income
Mali,2008,low_income
Mali,2009,low_income
Mali,2010,low_income
Mali,2011,low_income
Mali,2012,low_income
Mali,2013,low_income
Mali,2014,low_income
Mali,2015,low_income
Mali,2016,low_income
Mali,2017,low_income
Mali,2018,low_income
Mali,2019,low_income
Mali,2020,low_income
Mali,2021,low_income
Mali,2022,low_income
Mali,2023,low_income
Mali,2024,low_income
Mali,2025,low_income
Malta,1987,upper_middle
Malta,1988,upper_middle
Malta,1989,high_income
Malta,1990,upper_middle
Malta,1991,upper_middle
Malta,1992,upper_middle
Malta,1993,upper_middle
Malta,1994,upper_middle
Malta,1995,upper_middle
Malta,1996,upper_middle
Malta,1997,upper_middle
Malta,1998,high_income
Malta,1999,upper_middle
Malta,2000,high_income
Malta,2001,upper_middle
Malta,2002,high_income
Malta,2003,high_income
Malta,2004,high_income
Malta,2005,high_income
Malta,2006,high_income
Malta,2007,high_income
Malta,2008,high_income
Malta,2009,high_income
Malta,2010,high_income
Malta,2011,high_income
Malta,2012,high_income
Malta,2013,high_income
Malta,2014,high_income
Malta,2015,high_income
Malta,2016,high_income
Malta,2017,high_income
Malta,2018,high_income
Malta,2019,high_income
Malta,2020,high_income
Malta,2021,high_income
Malta,2022,high_income
Malta,2023,high_income
Malta,2024,high_income
Malta,2025,high_income
Marshall Islands,1991,lower_middle
Marshall Islands,1992,lower_middle
Marshall Islands,1993,lower_middle
Marshall Islands,1994,lower_middle
Marshall Islands,1995,lower_middle
Marshall Islands,1996,lower_middle
Marshall Islands,1997,lower_middle
Marshall Islands,1998,lower_middle
Marshall Islands,1999,lower_middle
Marshall Islands,2000,lower_middle
Marshall Islands,2001,lower_middle
Marshall Islands,2002,lower_middle
Marshall Islands,2003,lower_middle
Marshall Islands,2004,lower_middle
Marshall Islands,2005,lower_middle
Marshall Islands,2006,lower_middle
Marshall Islands,2007,lower_middle
Marshall Islands,2008,lower_middle
Marshall Islands,2009,lower_middle
Marshall Islands,2010,lower_middle
Marshall Islands,2011,lower_middle
Marshall Islands,2012,upper_middle
Marshall Islands,2013,upper_middle
Marshall Islands,2014,upper_middle
Marshall Islands,2015,upper_middle
Marshall Islands,2016,upper_middle
Marshall Islands,2017,upper_middle
Marshall Islands,2018,upper_middle
Marshall Islands,2019,upper_middle
Marshall Islands,2020,upper_middle
Marshall Islands,2021,upper_middle
Marshall Islands,2022,upper_middle
Marshall Islands,2023,upper_middle
Marshall Islands,2024,upper_middle
Marshall Islands,2025,upper_middle
Mauritania,1987,low_income
Mauritania,1988,low_income
Mauritania,1989,low_income
Mauritania,1990,low_income
Mauritania,1991,low_income
Mauritania,1992,low_income
Mauritania,1993,low_income
Mauritania,1994,low_income
Mauritania,1995,low_income
Mauritania,1996,low_income
Mauritania,1997,low_income
Mauritania,1998,low_income
Mauritania,1999,low_income
Mauritania,2000,low_income
Mauritania,2001,low_income
Mauritania,2002,low_income
Mauritania,2003,low_income
Mauritania,2004,low_income
Mauritania,2005,low_income
Mauritania,2006,low_income
Mauritania,2007,low_income
Mauritania,2008,low_income
Mauritania,2009,low_income
Mauritania,2010,lower_middle
Mauritania,2011,low_income
Mauritania,2012,lower_middle
Mauritania,2013,lower_middle
Mauritania,2014,lower_middle
Mauritania,2015,lower_middle
Mauritania,2016,lower_middle
Mauritania,2017,lower_middle
Mauritania,2018,lower_middle
Mauritania,2019,lower_middle
Mauritania,2020,lower_middle
Mauritania,2021,lower_middle
Mauritania,2022,lower_middle
Mauritania,2023,lower_middle
Mauritania,2024,lower_middle
Mauritania,2025,lower_middle
Mauritius,1987,lower_middle
Mauritius,1988,lower_middle
Mauritius,1989,lower_middle
Mauritius,1990,lower_middle
Mauritius,1991,lower_middle
Mauritius,1992,upper_middle
Mauritius,1993,upper_middle
Mauritius,1994,upper_middle
Mauritius,1995,upper_middle
Mauritius,1996,upper_middle
Mauritius,1997,upper_middle
Mauritius,1998,upper_middle
Mauritius,1999,upper_middle
Mauritius,2000,upper_middle
Mauritius,2001,upper_middle
Mauritius,2002,upper_middle
Mauritius,2003,upper_middle
Mauritius,2004,upper_middle
Mauritius,2005,upper_middle
Mauritius,2006,upper_middle
Mauritius,2007,upper_middle
Mauritius,2008,upper_middle
Mauritius,2009,upper_middle
Mauritius,2010,upper_middle
Mauritius,2011,upper_middle
Mauritius,2012,upper_middle
Mauritius,2013,upper_middle
Mauritius,2014,upper_middle
Mauritius,2015,upper_middle
Mauritius,2016,upper_middle
Mauritius,2017,upper_middle
Mauritius,2018,upper_middle
Mauritius,2019,high_income
Mauritius,2020,upper_middle
Mauritius,2021,upper_middle
Mauritius,2022,upper_middle
Mauritius,2023,upper_middle
Mauritius,2024,upper_middle
Mauritius,2025,upper_middle
Mayotte,1990,high_income
Mayotte,1991,upper_middle
Mayotte,1992,upper_middle
Mayotte,1993,upper_middle
Mayotte,1994,upper_middle
Mayotte,1995,upper_middle
Mayotte,1996,upper_middle
Mayotte,1997,upper_middle
Mayotte,1998,upper_middle
Mayotte,1999,upper_middle
Mayotte,2000,upper_middle
Mayotte,2001,upper_middle
Mayotte,2002,upper_middle
Mayotte,2003,upper_middle
Mayotte,2004,upper_middle
Mayotte,2005,upper_middle
Mayotte,2006,upper_middle
Mayotte,2007,upper_middle
Mayotte,2008,upper_middle
Mayotte,2009,upper_middle
Mayotte,2010,upper_middle
Mexico,1987,lower_middle
Mexico,1988,lower_middle
Mexico,1989,lower_middle
Mexico,1990,upper_middle
Mexico,1991,upper_middle
Mexico,1992,upper_middle
Mexico,1993,upper_middle
Mexico,1994,upper_middle
Mexico,1995,upper_middle
Mexico,1996,upper_middle
Mexico,1997,upper_middle
Mexico,1998,upper_middle
Mexico,1999,upper_middle
Mexico,2000,upper_middle
Mexico,2001,upper_middle
Mexico,2002,upper_middle
Mexico,2003,upper_middle
Mexico,2004,upper_middle
Mexico,2005,upper_middle
Mexico,2006,upper_middle
Mexico,2007,upper_middle
Mexico,2008,upper_middle
Mexico,2009,upper_middle
Mexico,2010,upper_middle
Mexico,2011,upper_middle
Mexico,2012,upper_middle
Mexico,2013,upper_middle
Mexico,2014,upper_middle
Mexico,2015,upper_middle
Mexico,2016,upper_middle
Mexico,2017,upper_middle
Mexico,2018,upper_middle
Mexico,2019,upper_middle
Mexico,2020,upper_middle
Mexico,2021,upper_middle
Mexico,2022,upper_middle
Mexico,2023,upper_middle
Mexico,2024,upper_middle
Mexico,2025,upper_middle
Micronesia  Fed. Sts.,2022,lower_middle
Micronesia  Fed. Sts.,2023,lower_middle
Micronesia  Fed. Sts.,2024,lower_middle
Micronesia  Fed. Sts.,2025,lower_middle
"Micronesia, Fed. Sts.",1991,lower_middle
"Micronesia, Fed. Sts.",1992,lower_middle
"Micronesia, Fed. Sts.",1993,lower_middle
"Micronesia, Fed. Sts.",1994,lower_middle
"Micronesia, Fed. Sts.",1995,lower_middle
"Micronesia, Fed. Sts.",1996,lower_middle
"Micronesia, Fed. Sts.",1997,lower_middle
"Micronesia, Fed. Sts.",1998,lower_middle
"Micronesia, Fed. Sts.",1999,lower_middle
"Micronesia, Fed. Sts.",2000,lower_middle
"Micronesia, Fed. Sts.",2001,lower_middle
"Micronesia, Fed. Sts.",2002,lower_middle
"Micronesia, Fed. Sts.",2003,lower_middle
"Micronesia, Fed. Sts.",2004,lower_middle
"Micronesia, Fed. Sts.",2005,lower_middle
"Micronesia, Fed. Sts.",2006,lower_middle
"Micronesia, Fed. Sts.",2007,lower_middle
"Micronesia, Fed. Sts.",2008,lower_middle
"Micronesia, Fed. Sts.",2009,lower_middle
"Micronesia, Fed. Sts.",2010,lower_middle
"Micronesia, Fed. Sts.",2011,lower_middle
"Micronesia, Fed. Sts.",2012,lower_middle
"Micronesia, Fed. Sts.",2013,lower_middle
"Micronesia, Fed. Sts.",2014,lower_middle
"Micronesia, Fed. Sts.",2015,lower_middle
"Micronesia, Fed. Sts.",2016,lower_middle
"Micronesia, Fed. Sts.",2017,lower_middle
"Micronesia, Fed. Sts.",2018,lower_middle
"Micronesia, Fed. Sts.",2019,lower_middle
"Micronesia, Fed. Sts.",2020,lower_middle
"Micronesia, Fed. Sts.",2021,lower_middle
"Micronesia, Fed. Sts.",2022,lower_middle
"Micronesia, Fed. Sts.",2023,lower_middle
"Micronesia, Fed. Sts.",2024,lower_middle
"Micronesia, Fed. Sts.",2025,lower_middle
Moldova,1991,lower_middle
Moldova,1992,lower_middle
Moldova,1993,lower_middle
Moldova,1994,lower_middle
Moldova,1995,lower_middle
Moldova,1996,low_income
Moldova,1997,low_income
Moldova,1998,low_income
Moldova,1999,low_income
Moldova,2000,low_income
Moldova,2001,low_income
Moldova,2002,low_income
Moldova,2003,low_income
Moldova,2004,low_income
Moldova,2005,lower_middle
Moldova,2006,lower_middle
Moldova,2007,lower_middle
Moldova,2008,lower_middle
Moldova,2009,lower_middle
Moldova,2010,lower_middle
Moldova,2011,lower_middle
Moldova,2012,lower_middle
Moldova,2013,lower_middle
Moldova,2014,lower_middle
Moldova,2015,lower_middle
Moldova,2016,lower_middle
Moldova,2017,lower_middle
Moldova,2018,lower_middle
Moldova,2019,lower_middle
Moldova,2020,upper_middle
Moldova,2021,upper_middle
Moldova,2022,upper_middle
Moldova,2023,upper_middle
Moldova,2024,upper_middle
Moldova,2025,upper_middle
Monaco,1994,high_income
Monaco,1995,high_income
Monaco,1996,high_income
Monaco,1997,high_income
Monaco,1998,high_income
Monaco,1999,high_income
Monaco,2000,high_income
Monaco,2001,high_income
Monaco,2002,high_income
Monaco,2003,high_income
Monaco,2004,high_income
Monaco,2005,high_income
Monaco,2006,high_income
Monaco,2007,high_income
Monaco,2008,high_income
Monaco,2009,high_income
Monaco,2010,high_income
Monaco,2011,high_income
Monaco,2012,high_income
Monaco,2013,high_income
Monaco,2014,high_income
Monaco,2015,high_income
Monaco,2016,high_income
Monaco,2017,high_income
Monaco,2018,high_income
Monaco,2019,high_income
Monaco,2020,high_income
Monaco,2021,high_income
Monaco,2022,high_income
Monaco,2023,high_income
Monaco,2024,high_income
Monaco,2025,high_income
Mongolia,1989,lower_middle
Mongolia,1990,lower_middle
Mongolia,1991,lower_middle
Mongolia,1992,lower_middle
Mongolia,1993,low_income
Mongolia,1994,low_income
Mongolia,1995,low_income
Mongolia,1996,low_income
Mongolia,1997,low_income
Mongolia,1998,low_income
Mongolia,1999,low_income
Mongolia,2000,low_income
Mongolia,2001,low_income
Mongolia,2002,low_income
Mongolia,2003,low_income
Mongolia,2004,low_income
Mongolia,2005,low_income
Mongolia,2006,low_income
Mongolia,2007,lower_middle
Mongolia,2008,lower_middle
Mongolia,2009,lower_middle
Mongolia,2010,lower_middle
Mongolia,2011,lower_middle
Mongolia,2012,lower_middle
Mongolia,2013,lower_middle
Mongolia,2014,upper_middle
Mongolia,2015,lower_middle
Mongolia,2016,lower_middle
Mongolia,2017,lower_middle
Mongolia,2018,lower_middle
Mongolia,2019,lower_middle
Mongolia,2020,lower_middle
Mongolia,2021,lower_middle
Mongolia,2022,upper_middle
Mongolia,2023,upper_middle
Mongolia,2024,upper_middle
Mongolia,2025,upper_middle
Montenegro,2006,upper_middle
Montenegro,2007,upper_middle
Montenegro,2008,upper_middle
Montenegro,2009,upper_middle
Montenegro,2010,upper_middle
Montenegro,2011,upper_middle
Montenegro,2012,upper_middle
Montenegro,2013,upper_middle
Montenegro,2014,upper_middle
Montenegro,2015,upper_middle
Montenegro,2016,upper_middle
Montenegro,2017,upper_middle
Montenegro,2018,upper_middle
Montenegro,2019,upper_middle
Montenegro,2020,upper_middle
Montenegro,2021,upper_middle
Montenegro,2022,upper_middle
Montenegro,2023,upper_middle
Montenegro,2024,upper_middle
Montenegro,2025,upper_middle
Morocco,1987,lower_middle
Morocco,1988,lower_middle
Morocco,1989,lower_middle
Morocco,1990,lower_middle
Morocco,1991,lower_middle
Morocco,1992,lower_middle
Morocco,1993,lower_middle
Morocco,1994,lower_middle
Morocco,1995,lower_middle
Morocco,1996,lower_middle
Morocco,1997,lower_middle
Morocco,1998,lower_middle
Morocco,1999,lower_middle
Morocco,2000,lower_middle
Morocco,2001,lower_middle
Morocco,2002,lower_middle
Morocco,2003,lower_middle
Morocco,2004,lower_middle
Morocco,2005,lower_middle
Morocco,2006,lower_middle
Morocco,2007,lower_middle
Morocco,2008,lower_middle
Morocco,2009,lower_middle
Morocco,2010,lower_middle
Morocco,2011,lower_middle
Morocco,2012,lower_middle
Morocco,2013,lower_middle
Morocco,2014,lower_middle
Morocco,2015,lower_middle
Morocco,2016,lower_middle
Morocco,2017,lower_middle
Morocco,2018,lower_middle
Morocco,2019,lower_middle
Morocco,2020,lower_middle
Morocco,2021,lower_middle
Morocco,2022,lower_middle
Morocco,2023,lower_middle
Morocco,2024,lower_middle
Morocco,2025,lower_middle
Mozambique,1987,low_income
Mozambique,1988,low_income
Mozambique,1989,low_income
Mozambique,1990,low_income
Mozambique,1991,low_income
Mozambique,1992,low_income
Mozambique,1993,low_income
Mozambique,1994,low_income
Mozambique,1995,low_income
Mozambique,1996,low_income
Mozambique,1997,low_income
Mozambique,1998,low_income
Mozambique,1999,low_income
Mozambique,2000,low_income
Mozambique,2001,low_income
Mozambique,2002,low_income
Mozambique,2003,low_income
Mozambique,2004,low_income
Mozambique,2005,low_income
Mozambique,2006,low_income
Mozambique,2007,low_income
Mozambique,2008,low_income
Mozambique,2009,low_income
Mozambique,2010,low_income
Mozambique,2011,low_income
Mozambique,2012,low_income
Mozambique,2013,low_income
Mozambique,2014,low_income
Mozambique,2015,low_income
Mozambique,2016,low_income
Mozambique,2017,low_income
Mozambique,2018,low_income
Mozambique,2019,low_income
Mozambique,2020,low_income
Mozambique,2021,low_income
Mozambique,2022,low_income
Mozambique,2023,low_income
Mozambique,2024,low_income
Mozambique,2025,low_income
Myanmar,1987,low_income
Myanmar,1988,low_income
Myanmar,1989,low_income
Myanmar,1990,low_income
Myanmar,1991,low_income
Myanmar,1992,low_income
Myanmar,1993,low_income
Myanmar,1994,low_income
Myanmar,1995,low_income
Myanmar,1996,low_income
Myanmar,1997,low_income
Myanmar,1998,low_income
Myanmar,1999,low_income
Myanmar,2000,low_income
Myanmar,2001,low_income
Myanmar,2002,low_income
Myanmar,2003,low_income
Myanmar,2004,low_income
Myanmar,2005,low_income
Myanmar,2006,low_income
Myanmar,2007,low_income
Myanmar,2008,low_income
Myanmar,2009,low_income
Myanmar,2010,low_income
Myanmar,2011,low_income
Myanmar,2012,low_income
Myanmar,2013,low_income
Myanmar,2014,lower_middle
Myanmar,2015,lower_middle
Myanmar,2016,lower_middle
Myanmar,2017,lower_middle
Myanmar,2018,lower_middle
Myanmar,2019,lower_middle
Myanmar,2020,lower_middle
Myanmar,2021,lower_middle
Myanmar,2022,lower_middle
Myanmar,2023,lower_middle
Myanmar,2024,lower_middle
Myanmar,2025,lower_middle
Namibia,1989,lower_middle
Namibia,1990,lower_middle
Namibia,1991,lower_middle
Namibia,1992,lower_middle
Namibia,1993,lower_middle
Namibia,1994,lower_middle
Namibia,1995,lower_middle
Namibia,1996,lower_middle
Namibia,1997,lower_middle
Namibia,1998,lower_middle
Namibia,1999,lower_middle
Namibia,2000,lower_middle
Namibia,2001,lower_middle
Namibia,2002,lower_middle
Namibia,2003,lower_middle
Namibia,2004,lower_middle
Namibia,2005,lower_middle
Namibia,2006,lower_middle
Namibia,2007,lower_middle
Namibia,2008,upper_middle
Namibia,2009,upper_middle
Namibia,2010,upper_middle
Namibia,2011,upper_middle
Namibia,2012,upper_middle
Namibia,2013,upper_middle
Namibia,2014,upper_middle
Namibia,2015,upper_middle
Namibia,2016,upper_middle
Namibia,2017,upper_middle
Namibia,2018,upper_middle
Namibia,2019,upper_middle
Namibia,2020,upper_middle
Namibia,2021,upper_middle
Namibia,2022,lower_middle
Namibia,2023,lower_middle
Namibia,2024,lower_middle
Namibia,2025,lower_middle
Nauru,2015,high_income
Nauru,2016,upper_middle
Nauru,2017,upper_middle
Nauru,2018,upper_middle
Nauru,2019,high_income
Nauru,2020,high_income
Nauru,2021,high_income
Nauru,2022,high_income
Nauru,2023,high_income
Nauru,2024,high_income
Nauru,2025,high_income
Nepal,1987,low_income
Nepal,1988,low_income
Nepal,1989,low_income
Nepal,1990,low_income
Nepal,1991,low_income
Nepal,1992,low_income
Nepal,1993,low_income
Nepal,1994,low_income
Nepal,1995,low_income
Nepal,1996,low_income
Nepal,1997,low_income
Nepal,1998,low_income
Nepal,1999,low_income
Nepal,2000,low_income
Nepal,2001,low_income
Nepal,2002,low_income
Nepal,2003,low_income
Nepal,2004,low_income
Nepal,2005,low_income
Nepal,2006,low_income
Nepal,2007,low_income
Nepal,2008,low_income
Nepal,2009,low_income
Nepal,2010,low_income
Nepal,2011,low_income
Nepal,2012,low_income
Nepal,2013,low_income
Nepal,2014,low_income
Nepal,2015,low_income
Nepal,2016,low_income
Nepal,2017,low_income
Nepal,2018,low_income
Nepal,2019,lower_middle
Nepal,2020,lower_middle
Nepal,2021,lower_middle
Nepal,2022,lower_middle
Nepal,2023,lower_middle
Nepal,2024,lower_middle
Nepal,2025,lower_middle
Netherlands,1987,high_income
Netherlands,1988,high_income
Netherlands,1989,high_income
Netherlands,1990,high_income
Netherlands,1991,high_income
Netherlands,1992,high_income
Netherlands,1993,high_income
Netherlands,1994,high_income
Netherlands,1995,high_income
Netherlands,1996,high_income
Netherlands,1997,high_income
Netherlands,1998,high_income
Netherlands,1999,high_income
Netherlands,2000,high_income
Netherlands,2001,high_income
Netherlands,2002,high_income
Netherlands,2003,high_income
Netherlands,2004,high_income
Netherlands,2005,high_income
Netherlands,2006,high_income
Netherlands,2007,high_income
Netherlands,2008,high_income
Netherlands,2009,high_income
Netherlands,2010,high_income
Netherlands,2011,high_income
Netherlands,2012,high_income
Netherlands,2013,high_income
Netherlands,2014,high_income
Netherlands,2015,high_income
Netherlands,2016,high_income
Netherlands,2017,high_income
Netherlands,2018,high_income
Netherlands,2019,high_income
Netherlands,2020,high_income
Netherlands,2021,high_income
Netherlands,2022,high_income
Netherlands,2023,high_income
Netherlands,2024,high_income
Netherlands,2025,high_income
Netherlands Antilles (former),1987,upper_middle
Netherlands Antilles (former),1988,upper_middle
Netherlands Antilles (former),1989,upper_middle
Netherlands Antilles (former),1990,upper_middle
Netherlands Antilles (former),1991,upper_middle
Netherlands Antilles (former),1992,upper_middle
Netherlands Antilles (former),1993,upper_middle
Netherlands Antilles (former),1994,high_income
Netherlands Antilles (former),1995,high_income
Netherlands Antilles (former),1996,high_income
Netherlands Antilles (former),1997,high_income
Netherlands Antilles (former),1998,high_income
Netherlands Antilles (former),1999,high_income
Netherlands Antilles (former),2000,high_income
Netherlands Antilles (former),2001,high_income
Netherlands Antilles (former),2002,high_income
Netherlands Antilles (former),2003,high_income
Netherlands Antilles (former),2004,high_income
Netherlands Antilles (former),2005,high_income
Netherlands Antilles (former),2006,high_income
Netherlands Antilles (former),2007,high_income
Netherlands Antilles (former),2008,high_income
Netherlands Antilles (former),2009,high_income
New Caledonia,1987,upper_middle
New Caledonia,1988,upper_middle
New Caledonia,1989,upper_middle
New Caledonia,1990,upper_middle
New Caledonia,1991,upper_middle
New Caledonia,1992,upper_middle
New Caledonia,1993,upper_middle
New Caledonia,1994,upper_middle
New Caledonia,1995,high_income
New Caledonia,1996,high_income
New Caledonia,1997,high_income
New Caledonia,1998,high_income
New Caledonia,1999,high_income
New Caledonia,2000,high_income
New Caledonia,2001,high_income
New Caledonia,2002,high_income
New Caledonia,2003,high_income
New Caledonia,2004,high_income
New Caledonia,2005,high_income
New Caledonia,2006,high_income
New Caledonia,2007,high_income
New Caledonia,2008,high_income
New Caledonia,2009,high_income
New Caledonia,2010,high_income
New Caledonia,2011,high_income
New Caledonia,2012,high_income
New Caledonia,2013,high_income
New Caledonia,2014,high_income
New Caledonia,2015,high_income
New Caledonia,2016,high_income
New Caledonia,2017,high_income
New Caledonia,2018,high_income
New Caledonia,2019,high_income
New Caledonia,2020,high_income
New Caledonia,2021,high_income
New Caledonia,2022,high_income
New Caledonia,2023,high_income
New Caledonia,2024,high_income
New Caledonia,2025,high_income
New Zealand,1987,high_income
New Zealand,1988,high_income
New Zealand,1989,high_income
New Zealand,1990,high_income
New Zealand,1991,high_income
New Zealand,1992,high_income
New Zealand,1993,high_income
New Zealand,1994,high_income
New Zealand,1995,high_income
New Zealand,1996,high_income
New Zealand,1997,high_income
New Zealand,1998,high_income
New Zealand,1999,high_income
New Zealand,2000,high_income
New Zealand,2001,high_income
New Zealand,2002,high_income
New Zealand,2003,high_income
New Zealand,2004,high_income
New Zealand,2005,high_income
New Zealand,2006,high_income
New Zealand,2007,high_income
New Zealand,2008,high_income
New Zealand,2009,high_income
New Zealand,2010,high_income
New Zealand,2011,high_income
New Zealand,2012,high_income
New Zealand,2013,high_income
New Zealand,2014,high_income
New Zealand,2015,high_income
New Zealand,2016,high_income
New Zealand,2017,high_income
New Zealand,2018,high_income
New Zealand,2019,high_income
New Zealand,2020,high_income
New Zealand,2021,high_income
New Zealand,2022,high_income
New Zealand,2023,high_income
New Zealand,2024,high_income
New Zealand,2025,high_income
Nicaragua,1987,lower_middle
Nicaragua,1988,lower_middle
Nicaragua,1989,lower_middle
Nicaragua,1990,lower_middle
Nicaragua,1991,low_income
Nicaragua,1992,low_income
Nicaragua,1993,low_income
Nicaragua,1994,low_income
Nicaragua,1995,low_income
Nicaragua,1996,low_income
Nicaragua,1997,low_income
Nicaragua,1998,low_income
Nicaragua,1999,low_income
Nicaragua,2000,low_income
Nicaragua,2001,low_income
Nicaragua,2002,low_income
Nicaragua,2003,low_income
Nicaragua,2004,low_income
Nicaragua,2005,lower_middle
Nicaragua,2006,lower_middle
Nicaragua,2007,lower_middle
Nicaragua,2008,lower_middle
Nicaragua,2009,lower_middle
Nicaragua,2010,lower_middle
Nicaragua,2011,lower_middle
Nicaragua,2012,lower_middle
Nicaragua,2013,lower_middle
Nicaragua,2014,lower_middle
Nicaragua,2015,lower_middle
Nicaragua,2016,lower_middle
Nicaragua,2017,lower_middle
Nicaragua,2018,lower_middle
Nicaragua,2019,lower_middle
Nicaragua,2020,lower_middle
Nicaragua,2021,lower_middle
Nicaragua,2022,lower_middle
Nicaragua,2023,lower_middle
Nicaragua,2024,lower_middle
Nicaragua,2025,lower_middle
Niger,1987,low_income
Niger,1988,low_income
Niger,1989,low_income
Niger,1990,low_income
Niger,1991,low_income
Niger,1992,low_income
Niger,1993,low_income
Niger,1994,low_income
Niger,1995,low_income
Niger,1996,low_income
Niger,1997,low_income
Niger,1998,low_income
Niger,1999,low_income
Niger,2000,low_income
Niger,2001,low_income
Niger,2002,low_income
Niger,2003,low_income
Niger,2004,low_income
Niger,2005,low_income
Niger,2006,low_income
Niger,2007,low_income
Niger,2008,low_income
Niger,2009,low_income
Niger,2010,low_income
Niger,2011,low_income
Niger,2012,low_income
Niger,2013,low_income
Niger,2014,low_income
Niger,2015,low_income
Niger,2016,low_income
Niger,2017,low_income
Niger,2018,low_income
Niger,2019,low_income
Niger,2020,low_income
Niger,2021,low_income
Niger,2022,low_income
Niger,2023,low_income
Niger,2024,low_income
Niger,2025,low_income
Nigeria,1987,low_income
Nigeria,1988,low_income
Nigeria,1989,low_income
Nigeria,1990,low_income
Nigeria,1991,low_income
Nigeria,1992,low_income
Nigeria,1993,low_income
Nigeria,1994,low_income
Nigeria,1995,low_income
Nigeria,1996,low_income
Nigeria,1997,low_income
Nigeria,1998,low_income
Nigeria,1999,low_income
Nigeria,2000,low_income
Nigeria,2001,low_income
Nigeria,2002,low_income
Nigeria,2003,low_income
Nigeria,2004,low_income
Nigeria,2005,low_income
Nigeria,2006,low_income
Nigeria,2007,low_income
Nigeria,2008,lower_middle
Nigeria,2009,lower_middle
Nigeria,2010,lower_middle
Nigeria,2011,lower_middle
Nigeria,2012,lower_middle
Nigeria,2013,lower_middle
Nigeria,2014,lower_middle
Nigeria,2015,lower_middle
Nigeria,2016,lower_middle
Nigeria,2017,lower_middle
Nigeria,2018,lower_middle
Nigeria,2019,lower_middle
Nigeria,2020,lower_middle
Nigeria,2021,lower_middle
Nigeria,2022,lower_middle
Nigeria,2023,lower_middle
Nigeria,2024,lower_middle
Nigeria,2025,lower_middle
North Macedonia,1992,lower_middle
North Macedonia,1993,lower_middle
North Macedonia,1994,lower_middle
North Macedonia,1995,lower_middle
North Macedonia,1996,lower_middle
North Macedonia,1997,lower_middle
North Macedonia,1998,lower_middle
North Macedonia,1999,lower_middle
North Macedonia,2000,lower_middle
North Macedonia,2001,lower_middle
North Macedonia,2002,lower_middle
North Macedonia,2003,lower_middle
North Macedonia,2004,lower_middle
North Macedonia,2005,lower_middle
North Macedonia,2006,lower_middle
North Macedonia,2007,lower_middle
North Macedonia,2008,upper_middle
North Macedonia,2009,upper_middle
North Macedonia,2010,upper_middle
North Macedonia,2011,upper_middle
North Macedonia,2012,upper_middle
North Macedonia,2013,upper_middle
North Macedonia,2014,upper_middle
North Macedonia,2015,upper_middle
North Macedonia,2016,upper_middle
North Macedonia,2017,upper_middle
North Macedonia,2018,upper_middle
North Macedonia,2019,upper_middle
North Macedonia,2020,upper_middle
North Macedonia,2021,upper_middle
North Macedonia,2022,upper_middle
North Macedonia,2023,upper_middle
North Macedonia,2024,upper_middle
North Macedonia,2025,upper_middle
Northern Mariana Islands,1992,lower_middle
Northern Mariana Islands,1993,lower_middle
Northern Mariana Islands,1994,lower_middle
Northern Mariana Islands,1995,high_income
Northern Mariana Islands,1996,high_income
Northern Mariana Islands,1997,high_income
Northern Mariana Islands,1998,high_income
Northern Mariana Islands,1999,high_income
Northern Mariana Islands,2000,high_income
Northern Mariana Islands,2001,high_income
Northern Mariana Islands,2002,upper_middle
Northern Mariana Islands,2003,upper_middle
Northern Mariana Islands,2004,upper_middle
Northern Mariana Islands,2005,upper_middle
Northern Mariana Islands,2006,upper_middle
Northern Mariana Islands,2007,high_income
Northern Mariana Islands,2008,high_income
Northern Mariana Islands,2009,high_income
Northern Mariana Islands,2010,high_income
Northern Mariana Islands,2011,high_income
Northern Mariana Islands,2012,high_income
Northern Mariana Islands,2013,high_income
Northern Mariana Islands,2014,high_income
Northern Mariana Islands,2015,high_income
Northern Mariana Islands,2016,high_income
Northern Mariana Islands,2017,high_income
Northern Mariana Islands,2018,high_income
Northern Mariana Islands,2019,high_income
Northern Mariana Islands,2020,high_income
Northern Mariana Islands,2021,high_income
Northern Mariana Islands,2022,high_income
Northern Mariana Islands,2023,high_income
Northern Mariana Islands,2024,high_income
Northern Mariana Islands,2025,high_income
Norway,1987,high_income
Norway,1988,high_income
Norway,1989,high_income
Norway,1990,high_income
Norway,1991,high_income
Norway,1992,high_income
Norway,1993,high_income
Norway,1994,high_income
Norway,1995,high_income
Norway,1996,high_income
Norway,1997,high_income
Norway,1998,high_income
Norway,1999,high_income
Norway,2000,high_income
Norway,2001,high_income
Norway,2002,high_income
Norway,2003,high_income
Norway,2004,high_income
Norway,2005,high_income
Norway,2006,high_income
Norway,2007,high_income
Norway,2008,high_income
Norway,2009,high_income
Norway,2010,high_income
Norway,2011,high_income
Norway,2012,high_income
Norway,2013,high_income
Norway,2014,high_income
Norway,2015,high_income
Norway,2016,high_income
Norway,2017,high_income
Norway,2018,high_income
Norway,2019,high_income
Norway,2020,high_income
Norway,2021,high_income
Norway,2022,high_income
Norway,2023,high_income
Norway,2024,high_income
Norway,2025,high_income
Oman,1987,upper_middle
Oman,1988,upper_middle
Oman,1989,upper_middle
Oman,1990,upper_middle
Oman,1991,upper_middle
Oman,1992,upper_middle
Oman,1993,upper_middle
Oman,1994,upper_middle
Oman,1995,upper_middle
Oman,1996,upper_middle
Oman,1997,upper_middle
Oman,1998,upper_middle
Oman,1999,upper_middle
Oman,2000,upper_middle
Oman,2001,upper_middle
Oman,2002,upper_middle
Oman,2003,upper_middle
Oman,2004,upper_middle
Oman,2005,upper_middle
Oman,2006,upper_middle
Oman,2007,high_income
Oman,2008,high_income
Oman,2009,high_income
Oman,2010,high_income
Oman,2011,high_income
Oman,2012,high_income
Oman,2013,high_income
Oman,2014,high_income
Oman,2015,high_income
Oman,2016,high_income
Oman,2017,high_income
Oman,2018,high_income
Oman,2019,high_income
Oman,2020,high_income
Oman,2021,high_income
Oman,2022,high_income
Oman,2023,high_income
Oman,2024,high_income
Oman,2025,high_income
Pakistan,1987,low_income
Pakistan,1988,low_income
Pakistan,1989,low_income
Pakistan,1990,low_income
Pakistan,1991,low_income
Pakistan,1992,low_income
Pakistan,1993,low_income
Pakistan,1994,low_income
Pakistan,1995,low_income
Pakistan,1996,low_income
Pakistan,1997,low_income
Pakistan,1998,low_income
Pakistan,1999,low_income
Pakistan,2000,low_income
Pakistan,2001,low_income
Pakistan,2002,low_income
Pakistan,2003,low_income
Pakistan,2004,low_income
Pakistan,2005,low_income
Pakistan,2006,low_income
Pakistan,2007,low_income
Pakistan,2008,lower_middle
Pakistan,2009,lower_middle
Pakistan,2010,lower_middle
Pakistan,2011,lower_middle
Pakistan,2012,lower_middle
Pakistan,2013,lower_middle
Pakistan,2014,lower_middle
Pakistan,2015,lower_middle
Pakistan,2016,lower_middle
Pakistan,2017,lower_middle
Pakistan,2018,lower_middle
Pakistan,2019,lower_middle
Pakistan,2020,lower_middle
Pakistan,2021,lower_middle
Pakistan,2022,lower_middle
Pakistan,2023,lower_middle
Pakistan,2024,lower_middle
Pakistan,2025,lower_middle
Palau,1996,upper_middle
Palau,1997,upper_middle
Palau,1998,upper_middle
Palau,1999,upper_middle
Palau,2000,upper_middle
Palau,2001,upper_middle
Palau,2002,upper_middle
Palau,2003,upper_middle
Palau,2004,upper_middle
Palau,2005,upper_middle
Palau,2006,upper_middle
Palau,2007,upper_middle
Palau,2008,upper_middle
Palau,2009,upper_middle
Palau,2010,upper_middle
Palau,2011,upper_middle
Palau,2012,upper_middle
Palau,2013,upper_middle
Palau,2014,upper_middle
Palau,2015,upper_middle
Palau,2016,high_income
Palau,2017,high_income
Palau,2018,high_income
Palau,2019,high_income
Palau,2020,high_income
Palau,2021,upper_middle
Palau,2022,high_income
Palau,2023,high_income
Palau,2024,high_income
Palau,2025,high_income
Panama,1987,upper_middle
Panama,1988,lower_middle
Panama,1989,lower_middle
Panama,1990,lower_middle
Panama,1991,lower_middle
Panama,1992,lower_middle
Panama,1993,lower_middle
Panama,1994,lower_middle
Panama,1995,lower_middle
Panama,1996,lower_middle
Panama,1997,lower_middle
Panama,1998,upper_middle
Panama,1999,upper_middle
Panama,2000,upper_middle
Panama,2001,upper_middle
Panama,2002,upper_middle
Panama,2003,upper_middle
Panama,2004,upper_middle
Panama,2005,upper_middle
Panama,2006,upper_middle
Panama,2007,upper_middle
Panama,2008,upper_middle
Panama,2009,upper_middle
Panama,2010,upper_middle
Panama,2011,upper_middle
Panama,2012,upper_middle
Panama,2013,upper_middle
Panama,2014,upper_middle
Panama,2015,upper_middle
Panama,2016,upper_middle
Panama,2017,high_income
Panama,2018,high_income
Panama,2019,high_income
Panama,2020,upper_middle
Panama,2021,high_income
Panama,2022,high_income
Panama,2023,high_income
Panama,2024,high_income
Panama,2025,high_income
Papua New Guinea,1987,lower_middle
Papua New Guinea,1988,lower_middle
Papua New Guinea,1989,lower_middle
Papua New Guinea,1990,lower_middle
Papua New Guinea,1991,lower_middle
Papua New Guinea,1992,lower_middle
Papua New Guinea,1993,lower_middle
Papua New Guinea,1994,lower_middle
Papua New Guinea,1995,lower_middle
Papua New Guinea,1996,lower_middle
Papua New Guinea,1997,lower_middle
Papua New Guinea,1998,lower_middle
Papua New Guinea,1999,lower_middle
Papua New Guinea,2000,lower_middle
Papua New Guinea,2001,low_income
Papua New Guinea,2002,low_income
Papua New Guinea,2003,low_income
Papua New Guinea,2004,low_income
Papua New Guinea,2005,low_income
Papua New Guinea,2006,low_income
Papua New Guinea,2007,low_income
Papua New Guinea,2008,lower_middle
Papua New Guinea,2009,lower_middle
Papua New Guinea,2010,lower_middle
Papua New Guinea,2011,lower_middle
Papua New Guinea,2012,lower_middle
Papua New Guinea,2013,lower_middle
Papua New Guinea,2014,lower_middle
Papua New Guinea,2015,lower_middle
Papua New Guinea,2016,lower_middle
Papua New Guinea,2017,lower_middle
Papua New Guinea,2018,lower_middle
Papua New Guinea,2019,lower_middle
Papua New Guinea,2020,lower_middle
Papua New Guinea,2021,lower_middle
Papua New Guinea,2022,lower_middle
Papua New Guinea,2023,lower_middle
Papua New Guinea,2024,lower_middle
Papua New Guinea,2025,lower_middle
Paraguay,1987,lower_middle
Paraguay,1988,lower_middle
Paraguay,1989,lower_middle
Paraguay,1990,lower_middle
Paraguay,1991,lower_middle
Paraguay,1992,lower_middle
Paraguay,1993,lower_middle
Paraguay,1994,lower_middle
Paraguay,1995,lower_middle
Paraguay,1996,lower_middle
Paraguay,1997,lower_middle
Paraguay,1998,lower_middle
Paraguay,1999,lower_middle
Paraguay,2000,lower_middle
Paraguay,2001,lower_middle
Paraguay,2002,lower_middle
Paraguay,2003,lower_middle
Paraguay,2004,lower_middle
Paraguay,2005,lower_middle
Paraguay,2006,lower_middle
Paraguay,2007,lower_middle
Paraguay,2008,lower_middle
Paraguay,2009,lower_middle
Paraguay,2010,lower_middle
Paraguay,2011,lower_middle
Paraguay,2012,lower_middle
Paraguay,2013,lower_middle
Paraguay,2014,upper_middle
Paraguay,2015,upper_middle
Paraguay,2016,upper_middle
Paraguay,2017,upper_middle
Paraguay,2018,upper_middle
Paraguay,2019,upper_middle
Paraguay,2020,upper_middle
Paraguay,2021,upper_middle
Paraguay,2022,upper_middle
Paraguay,2023,upper_middle
Paraguay,2024,upper_middle
Paraguay,2025,upper_middle
Peru,1987,lower_middle
Peru,1988,lower_middle
Peru,1989,lower_middle
Peru,1990,lower_middle
Peru,1991,lower_middle
Peru,1992,lower_middle
Peru,1993,lower_middle
Peru,1994,lower_middle
Peru,1995,lower_middle
Peru,1996,lower_middle
Peru,1997,lower_middle
Peru,1998,lower_middle
Peru,1999,lower_middle
Peru,2000,lower_middle
Peru,2001,lower_middle
Peru,2002,lower_middle
Peru,2003,lower_middle
Peru,2004,lower_middle
Peru,2005,lower_middle
Peru,2006,lower_middle
Peru,2007,lower_middle
Peru,2008,upper_middle
Peru,2009,upper_middle
Peru,2010,upper_middle
Peru,2011,upper_middle
Peru,2012,upper_middle
Peru,2013,upper_middle
Peru,2014,upper_middle
Peru,2015,upper_middle
Peru,2016,upper_middle
Peru,2017,upper_middle
Peru,2018,upper_middle
Peru,2019,upper_middle
Peru,2020,upper_middle
Peru,2021,upper_middle
Peru,2022,upper_middle
Peru,2023,upper_middle
Peru,2024,upper_middle
Peru,2025,upper_middle
Philippines,1987,lower_middle
Philippines,1988,lower_middle
Philippines,1989,lower_middle
Philippines,1990,lower_middle
Philippines,1991,lower_middle
Philippines,1992,lower_middle
Philippines,1993,lower_middle
Philippines,1994,lower_middle
Philippines,1995,lower_middle
Philippines,1996,lower_middle
Philippines,1997,lower_middle
Philippines,1998,lower_middle
Philippines,1999,lower_middle
Philippines,2000,lower_middle
Philippines,2001,lower_middle
Philippines,2002,lower_middle
Philippines,2003,lower_middle
Philippines,2004,lower_middle
Philippines,2005,lower_middle
Philippines,2006,lower_middle
Philippines,2007,lower_middle
Philippines,2008,lower_middle
Philippines,2009,lower_middle
Philippines,2010,lower_middle
Philippines,2011,lower_middle
Philippines,2012,lower_middle
Philippines,2013,lower_middle
Philippines,2014,lower_middle
Philippines,2015,lower_middle
Philippines,2016,lower_middle
Philippines,2017,lower_middle
Philippines,2018,lower_middle
Philippines,2019,lower_middle
Philippines,2020,lower_middle
Philippines,2021,lower_middle
Philippines,2022,lower_middle
Philippines,2023,lower_middle
Philippines,2024,lower_middle
Philippines,2025,lower_middle
Poland,1987,lower_middle
Poland,1988,lower_middle
Poland,1989,lower_middle
Poland,1990,lower_middle
Poland,1991,lower_middle
Poland,1992,lower_middle
Poland,1993,lower_middle
Poland,1994,lower_middle
Poland,1995,lower_middle
Poland,1996,upper_middle
Poland,1997,upper_middle
Poland,1998,upper_middle
Poland,1999,upper_middle
Poland,2000,upper_middle
Poland,2001,upper_middle
Poland,2002,upper_middle
Poland,2003,upper_middle
Poland,2004,upper_middle
Poland,2005,upper_middle
Poland,2006,upper_middle
Poland,2007,upper_middle
Poland,2008,upper_middle
Poland,2009,high_income
Poland,2010,high_income
Poland,2011,high_income
Poland,2012,high_income
Poland,2013,high_income
Poland,2014,high_income
Poland,2015,high_income
Poland,2016,high_income
Poland,2017,high_income
Poland,2018,high_income
Poland,2019,high_income
Poland,2020,high_income
Poland,2021,high_income
Poland,2022,high_income
Poland,2023,high_income
Poland,2024,high_income
Poland,2025,high_income
Portugal,1987,upper_middle
Portugal,1988,upper_middle
Portugal,1989,upper_middle
Portugal,1990,upper_middle
Portugal,1991,upper_middle
Portugal,1992,upper_middle
Portugal,1993,upper_middle
Portugal,1994,high_income
Portugal,1995,high_income
Portugal,1996,high_income
Portugal,1997,high_income
Portugal,1998,high_income
Portugal,1999,high_income
Portugal,2000,high_income
Portugal,2001,high_income
Portugal,2002,high_income
Portugal,2003,high_income
Portugal,2004,high_income
Portugal,2005,high_income
Portugal,2006,high_income
Portugal,2007,high_income
Portugal,2008,high_income
Portugal,2009,high_income
Portugal,2010,high_income
Portugal,2011,high_income
Portugal,2012,high_income
Portugal,2013,high_income
Portugal,2014,high_income
Portugal,2015,high_income
Portugal,2016,high_income
Portugal,2017,high_income
Portugal,2018,high_income
Portugal,2019,high_income
Portugal,2020,high_income
Portugal,2021,high_income
Portugal,2022,high_income
Portugal,2023,high_income
Portugal,2024,high_income
Portugal,2025,high_income
Puerto Rico,1987,upper_middle
Puerto Rico,1988,upper_middle
Puerto Rico,1989,high_income
Puerto Rico,1990,upper_middle
Puerto Rico,1991,upper_middle
Puerto Rico,1992,upper_middle
Puerto Rico,1993,upper_middle
Puerto Rico,1994,upper_middle
Puerto Rico,1995,upper_middle
Puerto Rico,1996,upper_middle
Puerto Rico,1997,upper_middle
Puerto Rico,1998,upper_middle
Puerto Rico,1999,upper_middle
Puerto Rico,2000,upper_middle
Puerto Rico,2001,upper_middle
Puerto Rico,2002,high_income
Puerto Rico,2003,high_income
Puerto Rico,2004,high_income
Puerto Rico,2005,high_income
Puerto Rico,2006,high_income
Puerto Rico,2007,high_income
Puerto Rico,2008,high_income
Puerto Rico,2009,high_income
Puerto Rico,2010,high_income
Puerto Rico,2011,high_income
Puerto Rico,2012,high_income
Puerto Rico,2013,high_income
Puerto Rico,2014,high_income
Puerto Rico,2015,high_income
Puerto Rico,2016,high_income
Puerto Rico,2017,high_income
Puerto Rico,2018,high_income
Puerto Rico,2019,high_income
Puerto Rico,2020,high_income
Puerto Rico,2021,high_income
Puerto Rico,2022,high_income
Puerto Rico,2023,high_income
Puerto Rico,2024,high_income
Puerto Rico,2025,high_income
Puerto Rico (US),2022,high_income
Puerto Rico (US),2023,high_income
Puerto Rico (US),2024,high_income
Puerto Rico (US),2025,high_income
Qatar,1987,high_income
Qatar,1988,high_income
Qatar,1989,high_income
Qatar,1990,high_income
Qatar,1991,high_income
Qatar,1992,high_income
Qatar,1993,high_income
Qatar,1994,high_income
Qatar,1995,high_income
Qatar,1996,high_income
Qatar,1997,high_income
Qatar,1998,high_income
Qatar,1999,high_income
Qatar,2000,high_income
Qatar,2001,high_income
Qatar,2002,high_income
Qatar,2003,high_income
Qatar,2004,high_income
Qatar,2005,high_income
Qatar,2006,high_income
Qatar,2007,high_income
Qatar,2008,high_income
Qatar,2009,high_income
Qatar,2010,high_income
Qatar,2011,high_income
Qatar,2012,high_income
Qatar,2013,high_income
Qatar,2014,high_income
Qatar,2015,high_income
Qatar,2016,high_income
Qatar,2017,high_income
Qatar,2018,high_income
Qatar,2019,high_income
Qatar,2020,high_income
Qatar,2021,high_income
Qatar,2022,high_income
Qatar,2023,high_income
Qatar,2024,high_income
Qatar,2025,high_income
Romania,1987,upper_middle
Romania,1988,upper_middle
Romania,1989,upper_middle
Romania,1990,lower_middle
Romania,1991,lower_middle
Romania,1992,lower_middle
Romania,1993,lower_middle
Romania,1994,lower_middle
Romania,1995,lower_middle
Romania,1996,lower_middle
Romania,1997,lower_middle
Romania,1998,lower_middle
Romania,1999,lower_middle
Romania,2000,lower_middle
Romania,2001,lower_middle
Romania,2002,lower_middle
Romania,2003,lower_middle
Romania,2004,lower_middle
Romania,2005,upper_middle
Romania,2006,upper_middle
Romania,2007,upper_middle
Romania,2008,upper_middle
Romania,2009,upper_middle
Romania,2010,upper_middle
Romania,2011,upper_middle
Romania,2012,upper_middle
Romania,2013,upper_middle
Romania,2014,upper_middle
Romania,2015,upper_middle
Romania,2016,upper_middle
Romania,2017,upper_middle
Romania,2018,upper_middle
Romania,2019,high_income
Romania,2020,upper_middle
Romania,2021,high_income
Romania,2022,high_income
Romania,2023,high_income
Romania,2024,high_income
Romania,2025,high_income
Russian Federation,1991,upper_middle
Russian Federation,1992,lower_middle
Russian Federation,1993,lower_middle
Russian Federation,1994,lower_middle
Russian Federation,1995,lower_middle
Russian Federation,1996,lower_middle
Russian Federation,1997,lower_middle
Russian Federation,1998,lower_middle
Russian Federation,1999,lower_middle
Russian Federation,2000,lower_middle
Russian Federation,2001,lower_middle
Russian Federation,2002,lower_middle
Russian Federation,2003,lower_middle
Russian Federation,2004,upper_middle
Russian Federation,2005,upper_middle
Russian Federation,2006,upper_middle
Russian Federation,2007,upper_middle
Russian Federation,2008,upper_middle
Russian Federation,2009,upper_middle
Russian Federation,2010,upper_middle
Russian Federation,2011,upper_middle
Russian Federation,2012,high_income
Russian Federation,2013,high_income
Russian Federation,2014,high_income
Russian Federation,2015,upper_middle
Russian Federation,2016,upper_middle
Russian Federation,2017,upper_middle
Russian Federation,2018,upper_middle
Russian Federation,2019,upper_middle
Russian Federation,2020,upper_middle
Russian Federation,2021,upper_middle
Russian Federation,2022,high_income
Russian Federation,2023,high_income
Russian Federation,2024,high_income
Russian Federation,2025,high_income
Rwanda,1987,low_income
Rwanda,1988,low_income
Rwanda,1989,low_income
Rwanda,1990,low_income
Rwanda,1991,low_income
Rwanda,1992,low_income
Rwanda,1993,low_income
Rwanda,1994,low_income
Rwanda,1995,low_income
Rwanda,1996,low_income
Rwanda,1997,low_income
Rwanda,1998,low_income
Rwanda,1999,low_income
Rwanda,2000,low_income
Rwanda,2001,low_income
Rwanda,2002,low_income
Rwanda,2003,low_income
Rwanda,2004,low_income
Rwanda,2005,low_income
Rwanda,2006,low_income
Rwanda,2007,low_income
Rwanda,2008,low_income
Rwanda,2009,low_income
Rwanda,2010,low_income
Rwanda,2011,low_income
Rwanda,2012,low_income
Rwanda,2013,low_income
Rwanda,2014,low_income
Rwanda,2015,low_income
Rwanda,2016,low_income
Rwanda,2017,low_income
Rwanda,2018,low_income
Rwanda,2019,low_income
Rwanda,2020,low_income
Rwanda,2021,low_income
Rwanda,2022,low_income
Rwanda,2023,low_income
Rwanda,2024,low_income
Rwanda,2025,low_income
Samoa,1987,lower_middle
Samoa,1988,lower_middle
Samoa,1989,lower_middle
Samoa,1990,lower_middle
Samoa,1991,lower_middle
Samoa,1992,lower_middle
Samoa,1993,lower_middle
Samoa,1994,lower_middle
Samoa,1995,lower_middle
Samoa,1996,lower_middle
Samoa,1997,lower_middle
Samoa,1998,lower_middle
Samoa,1999,lower_middle
Samoa,2000,lower_middle
Samoa,2001,lower_middle
Samoa,2002,lower_middle
Samoa,2003,lower_middle
Samoa,2004,lower_middle
Samoa,2005,lower_middle
Samoa,2006,lower_middle
Samoa,2007,lower_middle
Samoa,2008,lower_middle
Samoa,2009,lower_middle
Samoa,2010,lower_middle
Samoa,2011,lower_middle
Samoa,2012,lower_middle
Samoa,2013,lower_middle
Samoa,2014,lower_middle
Samoa,2015,lower_middle
Samoa,2016,upper_middle
Samoa,2017,upper_middle
Samoa,2018,upper_middle
Samoa,2019,upper_middle
Samoa,2020,lower_middle
Samoa,2021,lower_middle
Samoa,2022,upper_middle
Samoa,2023,upper_middle
Samoa,2024,upper_middle
Samoa,2025,upper_middle
San Marino,1991,high_income
San Marino,1992,high_income
San Marino,1993,high_income
San Marino,2000,high_income
San Marino,2001,high_income
San Marino,2002,high_income
San Marino,2003,high_income
San Marino,2004,high_income
San Marino,2005,high_income
San Marino,2006,high_income
San Marino,2007,high_income
San Marino,2008,high_income
San Marino,2009,high_income
San Marino,2010,high_income
San Marino,2011,high_income
San Marino,2012,high_income
San Marino,2013,high_income
San Marino,2014,high_income
San Marino,2015,high_income
San Marino,2016,high_income
San Marino,2017,high_income
San Marino,2018,high_income
San Marino,2019,high_income
San Marino,2020,high_income
San Marino,2021,high_income
San Marino,2022,high_income
San Marino,2023,high_income
San Marino,2024,high_income
San Marino,2025,high_income
Sao Tome and Principe,2022,lower_middle
Sao Tome and Principe,2023,lower_middle
Sao Tome and Principe,2024,lower_middle
Sao Tome and Principe,2025,lower_middle
Saudi Arabia,1987,high_income
Saudi Arabia,1988,high_income
Saudi Arabia,1989,high_income
Saudi Arabia,1990,upper_middle
Saudi Arabia,1991,upper_middle
Saudi Arabia,1992,upper_middle
Saudi Arabia,1993,upper_middle
Saudi Arabia,1994,upper_middle
Saudi Arabia,1995,upper_middle
Saudi Arabia,1996,upper_middle
Saudi Arabia,1997,upper_middle
Saudi Arabia,1998,upper_middle
Saudi Arabia,1999,upper_middle
Saudi Arabia,2000,upper_middle
Saudi Arabia,2001,upper_middle
Saudi Arabia,2002,upper_middle
Saudi Arabia,2003,upper_middle
Saudi Arabia,2004,high_income
Saudi Arabia,2005,high_income
Saudi Arabia,2006,high_income
Saudi Arabia,2007,high_income
Saudi Arabia,2008,high_income
Saudi Arabia,2009,high_income
Saudi Arabia,2010,high_income
Saudi Arabia,2011,high_income
Saudi Arabia,2012,high_income
Saudi Arabia,2013,high_income
Saudi Arabia,2014,high_income
Saudi Arabia,2015,high_income
Saudi Arabia,2016,high_income
Saudi Arabia,2017,high_income
Saudi Arabia,2018,high_income
Saudi Arabia,2019,high_income
Saudi Arabia,2020,high_income
Saudi Arabia,2021,high_income
Saudi Arabia,2022,high_income
Saudi Arabia,2023,high_income
Saudi Arabia,2024,high_income
Saudi Arabia,2025,high_income
Senegal,1987,lower_middle
Senegal,1988,lower_middle
Senegal,1989,lower_middle
Senegal,1990,lower_middle
Senegal,1991,lower_middle
Senegal,1992,lower_middle
Senegal,1993,lower_middle
Senegal,1994,low_income
Senegal,1995,low_income
Senegal,1996,low_income
Senegal,1997,low_income
Senegal,1998,low_income
Senegal,1999,low_income
Senegal,2000,low_income
Senegal,2001,low_income
Senegal,2002,low_income
Senegal,2003,low_income
Senegal,2004,low_income
Senegal,2005,low_income
Senegal,2006,low_income
Senegal,2007,low_income
Senegal,2008,low_income
Senegal,2009,lower_middle
Senegal,2010,lower_middle
Senegal,2011,lower_middle
Senegal,2012,lower_middle
Senegal,2013,lower_middle
Senegal,2014,lower_middle
Senegal,2015,low_income
Senegal,2016,low_income
Senegal,2017,low_income
Senegal,2018,lower_middle
Senegal,2019,lower_middle
Senegal,2020,lower_middle
Senegal,2021,lower_middle
Senegal,2022,lower_middle
Senegal,2023,lower_middle
Senegal,2024,lower_middle
Senegal,2025,lower_middle
Serbia,2006,upper_middle
Serbia,2007,upper_middle
Serbia,2008,upper_middle
Serbia,2009,upper_middle
Serbia,2010,upper_middle
Serbia,2011,upper_middle
Serbia,2012,upper_middle
Serbia,2013,upper_middle
Serbia,2014,upper_middle
Serbia,2015,upper_middle
Serbia,2016,upper_middle
Serbia,2017,upper_middle
Serbia,2018,upper_middle
Serbia,2019,upper_middle
Serbia,2020,upper_middle
Serbia,2021,upper_middle
Serbia,2022,upper_middle
Serbia,2023,upper_middle
Serbia,2024,upper_middle
Serbia,2025,upper_middle
Serbia and Montenegro (former),1992,lower_middle
Serbia and Montenegro (former),1993,lower_middle
Serbia and Montenegro (former),1994,lower_middle
Serbia and Montenegro (former),1995,lower_middle
Serbia and Montenegro (former),1996,lower_middle
Serbia and Montenegro (former),1997,lower_middle
Serbia and Montenegro (former),1998,lower_middle
Serbia and Montenegro (former),1999,lower_middle
Serbia and Montenegro (former),2000,lower_middle
Serbia and Montenegro (former),2001,lower_middle
Serbia and Montenegro (former),2002,lower_middle
Serbia and Montenegro (former),2003,lower_middle
Serbia and Montenegro (former),2004,lower_middle
Serbia and Montenegro (former),2005,lower_middle
Seychelles,1987,upper_middle
Seychelles,1988,upper_middle
Seychelles,1989,upper_middle
Seychelles,1990,upper_middle
Seychelles,1991,upper_middle
Seychelles,1992,upper_middle
Seychelles,1993,upper_middle
Seychelles,1994,upper_middle
Seychelles,1995,upper_middle
Seychelles,1996,upper_middle
Seychelles,1997,upper_middle
Seychelles,1998,upper_middle
Seychelles,1999,upper_middle
Seychelles,2000,upper_middle
Seychelles,2001,upper_middle
Seychelles,2002,upper_middle
Seychelles,2003,upper_middle
Seychelles,2004,upper_middle
Seychelles,2005,upper_middle
Seychelles,2006,upper_middle
Seychelles,2007,upper_middle
Seychelles,2008,upper_middle
Seychelles,2009,upper_middle
Seychelles,2010,upper_middle
Seychelles,2011,upper_middle
Seychelles,2012,upper_middle
Seychelles,2013,upper_middle
Seychelles,2014,high_income
Seychelles,2015,high_income
Seychelles,2016,high_income
Seychelles,2017,high_income
Seychelles,2018,high_income
Seychelles,2019,high_income
Seychelles,2020,high_income
Seychelles,2021,high_income
Seychelles,2022,high_income
Seychelles,2023,high_income
Seychelles,2024,high_income
Seychelles,2025,high_income
Sierra Leone,1987,low_income
Sierra Leone,1988,low_income
Sierra Leone,1989,low_income
Sierra Leone,1990,low_income
Sierra Leone,1991,low_income
Sierra Leone,1992,low_income
Sierra Leone,1993,low_income
Sierra Leone,1994,low_income
Sierra Leone,1995,low_income
Sierra Leone,1996,low_income
Sierra Leone,1997,low_income
Sierra Leone,1998,low_income
Sierra Leone,1999,low_income
Sierra Leone,2000,low_income
Sierra Leone,2001,low_income
Sierra Leone,2002,low_income
Sierra Leone,2003,low_income
Sierra Leone,2004,low_income
Sierra Leone,2005,low_income
Sierra Leone,2006,low_income
Sierra Leone,2007,low_income
Sierra Leone,2008,low_income
Sierra Leone,2009,low_income
Sierra Leone,2010,low_income
Sierra Leone,2011,low_income
Sierra Leone,2012,low_income
Sierra Leone,2013,low_income
Sierra Leone,2014,low_income
Sierra Leone,2015,low_income
Sierra Leone,2016,low_income
Sierra Leone,2017,low_income
Sierra Leone,2018,low_income
Sierra Leone,2019,low_income
Sierra Leone,2020,low_income
Sierra Leone,2021,low_income
Sierra Leone,2022,low_income
Sierra Leone,2023,low_income
Sierra Leone,2024,low_income
Sierra Leone,2025,low_income
Singapore,1987,high_income
Singapore,1988,high_income
Singapore,1989,high_income
Singapore,1990,high_income
Singapore,1991,high_income
Singapore,1992,high_income
Singapore,1993,high_income
Singapore,1994,high_income
Singapore,1995,high_income
Singapore,1996,high_income
Singapore,1997,high_income
Singapore,1998,high_income
Singapore,1999,high_income
Singapore,2000,high_income
Singapore,2001,high_income
Singapore,2002,high_income
Singapore,2003,high_income
Singapore,2004,high_income
Singapore,2005,high_income
Singapore,2006,high_income
Singapore,2007,high_income
Singapore,2008,high_income
Singapore,2009,high_income
Singapore,2010,high_income
Singapore,2011,high_income
Singapore,2012,high_income
Singapore,2013,high_income
Singapore,2014,high_income
Singapore,2015,high_income
Singapore,2016,high_income
Singapore,2017,high_income
Singapore,2018,high_income
Singapore,2019,high_income
Singapore,2020,high_income
Singapore,2021,high_income
Singapore,2022,high_income
Singapore,2023,high_income
Singapore,2024,high_income
Singapore,2025,high_income
Sint Maarten (Dutch part),2010,high_income
Sint Maarten (Dutch part),2011,high_income
Sint Maarten (Dutch part),2012,high_income
Sint Maarten (Dutch part),2013,high_income
Sint Maarten (Dutch part),2014,high_income
Sint Maarten (Dutch part),2015,high_income
Sint Maarten (Dutch part),2016,high_income
Sint Maarten (Dutch part),2017,high_income
Sint Maarten (Dutch part),2018,high_income
Sint Maarten (Dutch part),2019,high_income
Sint Maarten (Dutch part),2020,high_income
Sint Maarten (Dutch part),2021,high_income
Sint Maarten (Dutch part),2022,high_income
Sint Maarten (Dutch part),2023,high_income
Sint Maarten (Dutch part),2024,high_income
Sint Maarten (Dutch part),2025,high_income
Slovak Republic,1992,lower_middle
Slovak Republic,1993,lower_middle
Slovak Republic,1994,lower_middle
Slovak Republic,1995,lower_middle
Slovak Republic,1996,upper_middle
Slovak Republic,1997,upper_middle
Slovak Republic,1998,upper_middle
Slovak Republic,1999,upper_middle
Slovak Republic,2000,upper_middle
Slovak Republic,2001,upper_middle
Slovak Republic,2002,upper_middle
Slovak Republic,2003,upper_middle
Slovak Republic,2004,upper_middle
Slovak Republic,2005,upper_middle
Slovak Republic,2006,upper_middle
Slovak Republic,2007,high_income
Slovak Republic,2008,high_income
Slovak Republic,2009,high_income
Slovak Republic,2010,high_income
Slovak Republic,2011,high_income
Slovak Republic,2012,high_income
Slovak Republic,2013,high_income
Slovak Republic,2014,high_income
Slovak Republic,2015,high_income
Slovak Republic,2016,high_income
Slovak Republic,2017,high_income
Slovak Republic,2018,high_income
Slovak Republic,2019,high_income
Slovak Republic,2020,high_income
Slovak Republic,2021,high_income
Slovak Republic,2022,high_income
Slovak Republic,2023,high_income
Slovak Republic,2024,high_income
Slovak Republic,2025,high_income
Slovenia,1992,upper_middle
Slovenia,1993,upper_middle
Slovenia,1994,upper_middle
Slovenia,1995,upper_middle
Slovenia,1996,upper_middle
Slovenia,1997,high_income
Slovenia,1998,high_income
Slovenia,1999,high_income
Slovenia,2000,high_income
Slovenia,2001,high_income
Slovenia,2002,high_income
Slovenia,2003,high_income
Slovenia,2004,high_income
Slovenia,2005,high_income
Slovenia,2006,high_income
Slovenia,2007,high_income
Slovenia,2008,high_income
Slovenia,2009,high_income
Slovenia,2010,high_income
Slovenia,2011,high_income
Slovenia,2012,high_income
Slovenia,2013,high_income
Slovenia,2014,high_income
Slovenia,2015,high_income
Slovenia,2016,high_income
Slovenia,2017,high_income
Slovenia,2018,high_income
Slovenia,2019,high_income
Slovenia,2020,high_income
Slovenia,2021,high_income
Slovenia,2022,high_income
Slovenia,2023,high_income
Slovenia,2024,high_income
Slovenia,2025,high_income
Solomon Islands,1987,low_income
Solomon Islands,1988,lower_middle
Solomon Islands,1989,low_income
Solomon Islands,1990,low_income
Solomon Islands,1991,low_income
Solomon Islands,1992,lower_middle
Solomon Islands,1993,lower_middle
Solomon Islands,1994,lower_middle
Solomon Islands,1995,lower_middle
Solomon Islands,1996,lower_middle
Solomon Islands,1997,lower_middle
Solomon Islands,1998,low_income
Solomon Islands,1999,low_income
Solomon Islands,2000,low_income
Solomon Islands,2001,low_income
Solomon Islands,2002,low_income
Solomon Islands,2003,low_income
Solomon Islands,2004,low_income
Solomon Islands,2005,low_income
Solomon Islands,2006,low_income
Solomon Islands,2007,low_income
Solomon Islands,2008,lower_middle
Solomon Islands,2009,low_income
Solomon Islands,2010,lower_middle
Solomon Islands,2011,lower_middle
Solomon Islands,2012,lower_middle
Solomon Islands,2013,lower_middle
Solomon Islands,2014,lower_middle
Solomon Islands,2015,lower_middle
Solomon Islands,2016,lower_middle
Solomon Islands,2017,lower_middle
Solomon Islands,2018,lower_middle
Solomon Islands,2019,lower_middle
Solomon Islands,2020,lower_middle
Solomon Islands,2021,lower_middle
Solomon Islands,2022,lower_middle
Solomon Islands,2023,lower_middle
Solomon Islands,2024,lower_middle
Solomon Islands,2025,lower_middle
Somalia,1987,low_income
Somalia,1988,low_income
Somalia,1989,low_income
Somalia,1990,low_income
Somalia,1991,low_income
Somalia,1992,low_income
Somalia,1993,low_income
Somalia,1994,low_income
Somalia,1995,low_income
Somalia,1996,low_income
Somalia,1997,low_income
Somalia,1998,low_income
Somalia,1999,low_income
Somalia,2000,low_income
Somalia,2001,low_income
Somalia,2002,low_income
Somalia,2003,low_income
Somalia,2004,low_income
Somalia,2005,low_income
Somalia,2006,low_income
Somalia,2007,low_income
Somalia,2008,low_income
Somalia,2009,low_income
Somalia,2010,low_income
Somalia,2011,low_income
Somalia,2012,low_income
Somalia,2013,low_income
Somalia,2014,low_income
Somalia,2015,low_income
Somalia,2016,low_income
Somalia,2017,low_income
Somalia,2018,low_income
Somalia,2019,low_income
Somalia,2020,low_income
Somalia,2021,low_income
Somalia,2022,low_income
Somalia,2023,low_income
Somalia,2024,low_income
Somalia,2025,low_income
Somalia  Fed. Rep.,2022,low_income
Somalia  Fed. Rep.,2023,low_income
Somalia  Fed. Rep.,2024,low_income
Somalia  Fed. Rep.,2025,low_income
South Africa,1987,lower_middle
South Africa,1988,upper_middle
South Africa,1989,upper_middle
South Africa,1990,upper_middle
South Africa,1991,upper_middle
South Africa,1992,upper_middle
South Africa,1993,upper_middle
South Africa,1994,upper_middle
South Africa,1995,upper_middle
South Africa,1996,upper_middle
South Africa,1997,upper_middle
South Africa,1998,lower_middle
South Africa,1999,upper_middle
South Africa,2000,upper_middle
South Africa,2001,lower_middle
South Africa,2002,lower_middle
South Africa,2003,lower_middle
South Africa,2004,upper_middle
South Africa,2005,upper_middle
South Africa,2006,upper_middle
South Africa,2007,upper_middle
South Africa,2008,upper_middle
South Africa,2009,upper_middle
South Africa,2010,upper_middle
South Africa,2011,upper_middle
South Africa,2012,upper_middle
South Africa,2013,upper_middle
South Africa,2014,upper_middle
South Africa,2015,upper_middle
South Africa,2016,upper_middle
South Africa,2017,upper_middle
South Africa,2018,upper_middle
South Africa,2019,upper_middle
South Africa,2020,upper_middle
South Africa,2021,upper_middle
South Africa,2022,upper_middle
South Africa,2023,upper_middle
South Africa,2024,upper_middle
South Africa,2025,upper_middle
South Sudan,2011,lower_middle
South Sudan,2012,low_income
South Sudan,2013,lower_middle
South Sudan,2014,low_income
South Sudan,2015,low_income
South Sudan,2016,low_income
South Sudan,2017,low_income
South Sudan,2018,low_income
South Sudan,2019,low_income
South Sudan,2020,low_income
South Sudan,2021,low_income
South Sudan,2022,low_income
South Sudan,2023,low_income
South Sudan,2024,low_income
South Sudan,2025,low_income
Spain,1987,high_income
Spain,1988,high_income
Spain,1989,high_income
Spain,1990,high_income
Spain,1991,high_income
Spain,1992,high_income
Spain,1993,high_income
Spain,1994,high_income
Spain,1995,high_income
Spain,1996,high_income
Spain,1997,high_income
Spain,1998,high_income
Spain,1999,high_income
Spain,2000,high_income
Spain,2001,high_income
Spain,2002,high_income
Spain,2003,high_income
Spain,2004,high_income
Spain,2005,high_income
Spain,2006,high_income
Spain,2007,high_income
Spain,2008,high_income
Spain,2009,high_income
Spain,2010,high_income
Spain,2011,high_income
Spain,2012,high_income
Spain,2013,high_income
Spain,2014,high_income
Spain,2015,high_income
Spain,2016,high_income
Spain,2017,high_income
Spain,2018,high_income
Spain,2019,high_income
Spain,2020,high_income
Spain,2021,high_income
Spain,2022,high_income
Spain,2023,high_income
Spain,2024,high_income
Spain,2025,high_income
Sri Lanka,1987,low_income
Sri Lanka,1988,low_income
Sri Lanka,1989,low_income
Sri Lanka,1990,low_income
Sri Lanka,1991,low_income
Sri Lanka,1992,low_income
Sri Lanka,1993,low_income
Sri Lanka,1994,low_income
Sri Lanka,1995,low_income
Sri Lanka,1996,low_income
Sri Lanka,1997,lower_middle
Sri Lanka,1998,lower_middle
Sri Lanka,1999,lower_middle
Sri Lanka,2000,lower_middle
Sri Lanka,2001,lower_middle
Sri Lanka,2002,lower_middle
Sri Lanka,2003,lower_middle
Sri Lanka,2004,lower_middle
Sri Lanka,2005,lower_middle
Sri Lanka,2006,lower_middle
Sri Lanka,2007,lower_middle
Sri Lanka,2008,lower_middle
Sri Lanka,2009,lower_middle
Sri Lanka,2010,lower_middle
Sri Lanka,2011,lower_middle
Sri Lanka,2012,lower_middle
Sri Lanka,2013,lower_middle
Sri Lanka,2014,lower_middle
Sri Lanka,2015,lower_middle
Sri Lanka,2016,lower_middle
Sri Lanka,2017,lower_middle
Sri Lanka,2018,upper_middle
Sri Lanka,2019,lower_middle
Sri Lanka,2020,lower_middle
Sri Lanka,2021,lower_middle
Sri Lanka,2022,lower_middle
Sri Lanka,2023,lower_middle
Sri Lanka,2024,lower_middle
Sri Lanka,2025,lower_middle
St. Kitts and Nevis,1987,upper_middle
St. Kitts and Nevis,1988,upper_middle
St. Kitts and Nevis,1989,upper_middle
St. Kitts and Nevis,1990,upper_middle
St. Kitts and Nevis,1991,upper_middle
St. Kitts and Nevis,1992,upper_middle
St. Kitts and Nevis,1993,upper_middle
St. Kitts and Nevis,1994,upper_middle
St. Kitts and Nevis,1995,upper_middle
St. Kitts and Nevis,1996,upper_middle
St. Kitts and Nevis,1997,upper_middle
St. Kitts and Nevis,1998,upper_middle
St. Kitts and Nevis,1999,upper_middle
St. Kitts and Nevis,2000,upper_middle
St. Kitts and Nevis,2001,upper_middle
St. Kitts and Nevis,2002,upper_middle
St. Kitts and Nevis,2003,upper_middle
St. Kitts and Nevis,2004,upper_middle
St. Kitts and Nevis,2005,upper_middle
St. Kitts and Nevis,2006,upper_middle
St. Kitts and Nevis,2007,upper_middle
St. Kitts and Nevis,2008,upper_middle
St. Kitts and Nevis,2009,upper_middle
St. Kitts and Nevis,2010,upper_middle
St. Kitts and Nevis,2011,high_income
St. Kitts and Nevis,2012,high_income
St. Kitts and Nevis,2013,high_income
St. Kitts and Nevis,2014,high_income
St. Kitts and Nevis,2015,high_income
St. Kitts and Nevis,2016,high_income
St. Kitts and Nevis,2017,high_income
St. Kitts and Nevis,2018,high_income
St. Kitts and Nevis,2019,high_income
St. Kitts and Nevis,2020,high_income
St. Kitts and Nevis,2021,high_income
St. Kitts and Nevis,2022,high_income
St. Kitts and Nevis,2023,high_income
St. Kitts and Nevis,2024,high_income
St. Kitts and Nevis,2025,high_income
St. Lucia,1987,lower_middle
St. Lucia,1988,lower_middle
St. Lucia,1989,lower_middle
St. Lucia,1990,lower_middle
St. Lucia,1991,lower_middle
St. Lucia,1992,upper_middle
St. Lucia,1993,upper_middle
St. Lucia,1994,upper_middle
St. Lucia,1995,upper_middle
St. Lucia,1996,upper_middle
St. Lucia,1997,upper_middle
St. Lucia,1998,upper_middle
St. Lucia,1999,upper_middle
St. Lucia,2000,upper_middle
St. Lucia,2001,upper_middle
St. Lucia,2002,upper_middle
St. Lucia,2003,upper_middle
St. Lucia,2004,upper_middle
St. Lucia,2005,upper_middle
St. Lucia,2006,upper_middle
St. Lucia,2007,upper_middle
St. Lucia,2008,upper_middle
St. Lucia,2009,upper_middle
St. Lucia,2010,upper_middle
St. Lucia,2011,upper_middle
St. Lucia,2012,upper_middle
St. Lucia,2013,upper_middle
St. Lucia,2014,upper_middle
St. Lucia,2015,upper_middle
St. Lucia,2016,upper_middle
St. Lucia,2017,upper_middle
St. Lucia,2018,upper_middle
St. Lucia,2019,upper_middle
St. Lucia,2020,upper_middle
St. Lucia,2021,upper_middle
St. Lucia,2022,upper_middle
St. Lucia,2023,upper_middle
St. Lucia,2024,upper_middle
St. Lucia,2025,upper_middle
St. Martin (French part),2010,high_income
St. Martin (French part),2011,high_income
St. Martin (French part),2012,high_income
St. Martin (French part),2013,high_income
St. Martin (French part),2014,high_income
St. Martin (French part),2015,high_income
St. Martin (French part),2016,high_income
St. Martin (French part),2017,high_income
St. Martin (French part),2018,high_income
St. Martin (French part),2019,high_income
St. Martin (French part),2020,high_income
St. Martin (French part),2021,high_income
St. Martin (French part),2022,high_income
St. Martin (French part),2023,high_income
St. Martin (French part),2024,high_income
St. Martin (French part),2025,high_income
St. Vincent and the Grenadines,1987,lower_middle
St. Vincent and the Grenadines,1988,lower_middle
St. Vincent and the Grenadines,1989,lower_middle
St. Vincent and the Grenadines,1990,lower_middle
St. Vincent and the Grenadines,1991,lower_middle
St. Vincent and the Grenadines,1992,lower_middle
St. Vincent and the Grenadines,1993,lower_middle
St. Vincent and the Grenadines,1994,lower_middle
St. Vincent and the Grenadines,1995,lower_middle
St. Vincent and the Grenadines,1996,lower_middle
St. Vincent and the Grenadines,1997,lower_middle
St. Vincent and the Grenadines,1998,lower_middle
St. Vincent and the Grenadines,1999,lower_middle
St. Vincent and the Grenadines,2000,lower_middle
St. Vincent and the Grenadines,2001,lower_middle
St. Vincent and the Grenadines,2002,lower_middle
St. Vincent and the Grenadines,2003,upper_middle
St. Vincent and the Grenadines,2004,upper_middle
St. Vincent and the Grenadines,2005,upper_middle
St. Vincent and the Grenadines,2006,upper_middle
St. Vincent and the Grenadines,2007,upper_middle
St. Vincent and the Grenadines,2008,upper_middle
St. Vincent and the Grenadines,2009,upper_middle
St. Vincent and the Grenadines,2010,upper_middle
St. Vincent and the Grenadines,2011,upper_middle
St. Vincent and the Grenadines,2012,upper_middle
St. Vincent and the Grenadines,2013,upper_middle
St. Vincent and the Grenadines,2014,upper_middle
St. Vincent and the Grenadines,2015,upper_middle
St. Vincent and the Grenadines,2016,upper_middle
St. Vincent and the Grenadines,2017,upper_middle
St. Vincent and the Grenadines,2018,upper_middle
St. Vincent and the Grenadines,2019,upper_middle
St. Vincent and the Grenadines,2020,upper_middle
St. Vincent and the Grenadines,2021,upper_middle
St. Vincent and the Grenadines,2022,upper_middle
St. Vincent and the Grenadines,2023,upper_middle
St. Vincent and the Grenadines,2024,upper_middle
St. Vincent and the Grenadines,2025,upper_middle
Sudan,1987,low_income
Sudan,1988,low_income
Sudan,1989,low_income
Sudan,1990,low_income
Sudan,1991,low_income
Sudan,1992,low_income
Sudan,1993,low_income
Sudan,1994,low_income
Sudan,1995,low_income
Sudan,1996,low_income
Sudan,1997,low_income
Sudan,1998,low_income
Sudan,1999,low_income
Sudan,2000,low_income
Sudan,2001,low_income
Sudan,2002,low_income
Sudan,2003,low_income
Sudan,2004,low_income
Sudan,2005,low_income
Sudan,2006,low_income
Sudan,2007,lower_middle
Sudan,2008,lower_middle
Sudan,2009,lower_middle
Sudan,2010,lower_middle
Sudan,2011,lower_middle
Sudan,2012,lower_middle
Sudan,2013,lower_middle
Sudan,2014,lower_middle
Sudan,2015,lower_middle
Sudan,2016,lower_middle
Sudan,2017,lower_middle
Sudan,2018,lower_middle
Sudan,2019,low_income
Sudan,2020,low_income
Sudan,2021,low_income
Sudan,2022,low_income
Sudan,2023,low_income
Sudan,2024,low_income
Sudan,2025,low_income
Suriname,1987,upper_middle
Suriname,1988,upper_middle
Suriname,1989,upper_middle
Suriname,1990,upper_middle
Suriname,1991,upper_middle
Suriname,1992,upper_middle
Suriname,1993,lower_middle
Suriname,1994,lower_middle
Suriname,1995,lower_middle
Suriname,1996,lower_middle
Suriname,1997,lower_middle
Suriname,1998,lower_middle
Suriname,1999,lower_middle
Suriname,2000,lower_middle
Suriname,2001,lower_middle
Suriname,2002,lower_middle
Suriname,2003,lower_middle
Suriname,2004,lower_middle
Suriname,2005,lower_middle
Suriname,2006,lower_middle
Suriname,2007,upper_middle
Suriname,2008,upper_middle
Suriname,2009,upper_middle
Suriname,2010,upper_middle
Suriname,2011,upper_middle
Suriname,2012,upper_middle
Suriname,2013,upper_middle
Suriname,2014,upper_middle
Suriname,2015,upper_middle
Suriname,2016,upper_middle
Suriname,2017,upper_middle
Suriname,2018,upper_middle
Suriname,2019,upper_middle
Suriname,2020,upper_middle
Suriname,2021,upper_middle
Suriname,2022,upper_middle
Suriname,2023,upper_middle
Suriname,2024,upper_middle
Suriname,2025,upper_middle
Sweden,1987,high_income
Sweden,1988,high_income
Sweden,1989,high_income
Sweden,1990,high_income
Sweden,1991,high_income
Sweden,1992,high_income
Sweden,1993,high_income
Sweden,1994,high_income
Sweden,1995,high_income
Sweden,1996,high_income
Sweden,1997,high_income
Sweden,1998,high_income
Sweden,1999,high_income
Sweden,2000,high_income
Sweden,2001,high_income
Sweden,2002,high_income
Sweden,2003,high_income
Sweden,2004,high_income
Sweden,2005,high_income
Sweden,2006,high_income
Sweden,2007,high_income
Sweden,2008,high_income
Sweden,2009,high_income
Sweden,2010,high_income
Sweden,2011,high_income
Sweden,2012,high_income
Sweden,2013,high_income
Sweden,2014,high_income
Sweden,2015,high_income
Sweden,2016,high_income
Sweden,2017,high_income
Sweden,2018,high_income
Sweden,2019,high_income
Sweden,2020,high_income
Sweden,2021,high_income
Sweden,2022,high_income
Sweden,2023,high_income
Sweden,2024,high_income
Sweden,2025,high_income
Switzerland,1987,high_income
Switzerland,1988,high_income
Switzerland,1989,high_income
Switzerland,1990,high_income
Switzerland,1991,high_income
Switzerland,1992,high_income
Switzerland,1993,high_income
Switzerland,1994,high_income
Switzerland,1995,high_income
Switzerland,1996,high_income
Switzerland,1997,high_income
Switzerland,1998,high_income
Switzerland,1999,high_income
Switzerland,2000,high_income
Switzerland,2001,high_income
Switzerland,2002,high_income
Switzerland,2003,high_income
Switzerland,2004,high_income
Switzerland,2005,high_income
Switzerland,2006,high_income
Switzerland,2007,high_income
Switzerland,2008,high_income
Switzerland,2009,high_income
Switzerland,2010,high_income
Switzerland,2011,high_income
Switzerland,2012,high_income
Switzerland,2013,high_income
Switzerland,2014,high_income
Switzerland,2015,high_income
Switzerland,2016,high_income
Switzerland,2017,high_income
Switzerland,2018,high_income
Switzerland,2019,high_income
Switzerland,2020,high_income
Switzerland,2021,high_income
Switzerland,2022,high_income
Switzerland,2023,high_income
Switzerland,2024,high_income
Switzerland,2025,high_income
Syrian Arab Republic,1987,lower_middle
Syrian Arab Republic,1988,lower_middle
Syrian Arab Republic,1989,lower_middle
Syrian Arab Republic,1990,lower_middle
Syrian Arab Republic,1991,lower_middle
Syrian Arab Republic,1992,lower_middle
Syrian Arab Republic,1993,lower_middle
Syrian Arab Republic,1994,lower_middle
Syrian Arab Republic,1995,lower_middle
Syrian Arab Republic,1996,lower_middle
Syrian Arab Republic,1997,lower_middle
Syrian Arab Republic,1998,lower_middle
Syrian Arab Republic,1999,lower_middle
Syrian Arab Republic,2000,lower_middle
Syrian Arab Republic,2001,lower_middle
Syrian Arab Republic,2002,lower_middle
Syrian Arab Republic,2003,lower_middle
Syrian Arab Republic,2004,lower_middle
Syrian Arab Republic,2005,lower_middle
Syrian Arab Republic,2006,lower_middle
Syrian Arab Republic,2007,lower_middle
Syrian Arab Republic,2008,lower_middle
Syrian Arab Republic,2009,lower_middle
Syrian Arab Republic,2010,lower_middle
Syrian Arab Republic,2011,lower_middle
Syrian Arab Republic,2012,lower_middle
Syrian Arab Republic,2013,lower_middle
Syrian Arab Republic,2014,lower_middle
Syrian Arab Republic,2015,lower_middle
Syrian Arab Republic,2016,lower_middle
Syrian Arab Republic,2017,low_income
Syrian Arab Republic,2018,low_income
Syrian Arab Republic,2019,low_income
Syrian Arab Republic,2020,low_income
Syrian Arab Republic,2021,low_income
Syrian Arab Republic,2022,low_income
Syrian Arab Republic,2023,low_income
Syrian Arab Republic,2024,low_income
Syrian Arab Republic,2025,low_income
São Tomé and Príncipe,1987,low_income
São Tomé and Príncipe,1988,low_income
São Tomé and Príncipe,1989,low_income
São Tomé and Príncipe,1990,low_income
São Tomé and Príncipe,1991,low_income
São Tomé and Príncipe,1992,low_income
São Tomé and Príncipe,1993,low_income
São Tomé and Príncipe,1994,low_income
São Tomé and Príncipe,1995,low_income
São Tomé and Príncipe,1996,low_income
São Tomé and Príncipe,1997,low_income
São Tomé and Príncipe,1998,low_income
São Tomé and Príncipe,1999,low_income
São Tomé and Príncipe,2000,low_income
São Tomé and Príncipe,2001,low_income
São Tomé and Príncipe,2002,low_income
São Tomé and Príncipe,2003,low_income
São Tomé and Príncipe,2004,low_income
São Tomé and Príncipe,2005,low_income
São Tomé and Príncipe,2006,low_income
São Tomé and Príncipe,2007,low_income
São Tomé and Príncipe,2008,lower_middle
São Tomé and Príncipe,2009,lower_middle
São Tomé and Príncipe,2010,lower_middle
São Tomé and Príncipe,2011,lower_middle
São Tomé and Príncipe,2012,lower_middle
São Tomé and Príncipe,2013,lower_middle
São Tomé and Príncipe,2014,lower_middle
São Tomé and Príncipe,2015,lower_middle
São Tomé and Príncipe,2016,lower_middle
São Tomé and Príncipe,2017,lower_middle
São Tomé and Príncipe,2018,lower_middle
São Tomé and Príncipe,2019,lower_middle
São Tomé and Príncipe,2020,lower_middle
São Tomé and Príncipe,2021,lower_middle
São Tomé and Príncipe,2022,lower_middle
São Tomé and Príncipe,2023,lower_middle
São Tomé and Príncipe,2024,lower_middle
São Tomé and Príncipe,2025,lower_middle
"Taiwan, China",1987,high_income
"Taiwan, China",1988,high_income
"Taiwan, China",1989,high_income
"Taiwan, China",1990,high_income
"Taiwan, China",1991,high_income
"Taiwan, China",1992,high_income
"Taiwan, China",1993,high_income
"Taiwan, China",1994,high_income
"Taiwan, China",1995,high_income
"Taiwan, China",1996,high_income
"Taiwan, China",1997,high_income
"Taiwan, China",1998,high_income
"Taiwan, China",1999,high_income
"Taiwan, China",2000,high_income
"Taiwan, China",2001,high_income
"Taiwan, China",2002,high_income
"Taiwan, China",2003,high_income
"Taiwan, China",2004,high_income
"Taiwan, China",2005,high_income
"Taiwan, China",2006,high_income
"Taiwan, China",2007,high_income
"Taiwan, China",2008,high_income
"Taiwan, China",2009,high_income
"Taiwan, China",2010,high_income
"Taiwan, China",2011,high_income
"Taiwan, China",2012,high_income
"Taiwan, China",2013,high_income
"Taiwan, China",2014,high_income
"Taiwan, China",2015,high_income
"Taiwan, China",2016,high_income
"Taiwan, China",2017,high_income
"Taiwan, China",2018,high_income
"Taiwan, China",2019,high_income
"Taiwan, China",2020,high_income
"Taiwan, China",2021,high_income
"Taiwan, China",2022,high_income
"Taiwan, China",2023,high_income
"Taiwan, China",2024,high_income
"Taiwan, China",2025,high_income
Tajikistan,1991,lower_middle
Tajikistan,1992,low_income
Tajikistan,1993,low_income
Tajikistan,1994,low_income
Tajikistan,1995,low_income
Tajikistan,1996,low_income
Tajikistan,1997,low_income
Tajikistan,1998,low_income
Tajikistan,1999,low_income
Tajikistan,2000,low_income
Tajikistan,2001,low_income
Tajikistan,2002,low_income
Tajikistan,2003,low_income
Tajikistan,2004,low_income
Tajikistan,2005,low_income
Tajikistan,2006,low_income
Tajikistan,2007,low_income
Tajikistan,2008,low_income
Tajikistan,2009,low_income
Tajikistan,2010,low_income
Tajikistan,2011,low_income
Tajikistan,2012,low_income
Tajikistan,2013,low_income
Tajikistan,2014,lower_middle
Tajikistan,2015,lower_middle
Tajikistan,2016,lower_middle
Tajikistan,2017,low_income
Tajikistan,2018,low_income
Tajikistan,2019,low_income
Tajikistan,2020,lower_middle
Tajikistan,2021,lower_middle
Tajikistan,2022,lower_middle
Tajikistan,2023,lower_middle
Tajikistan,2024,lower_middle
Tajikistan,2025,lower_middle
Tanzania,1987,low_income
Tanzania,1988,low_income
Tanzania,1989,low_income
Tanzania,1990,low_income
Tanzania,1991,low_income
Tanzania,1992,low_income
Tanzania,1993,low_income
Tanzania,1994,low_income
Tanzania,1995,low_income
Tanzania,1996,low_income
Tanzania,1997,low_income
Tanzania,1998,low_income
Tanzania,1999,low_income
Tanzania,2000,low_income
Tanzania,2001,low_income
Tanzania,2002,low_income
Tanzania,2003,low_income
Tanzania,2004,low_income
Tanzania,2005,low_income
Tanzania,2006,low_income
Tanzania,2007,low_income
Tanzania,2008,low_income
Tanzania,2009,low_income
Tanzania,2010,low_income
Tanzania,2011,low_income
Tanzania,2012,low_income
Tanzania,2013,low_income
Tanzania,2014,low_income
Tanzania,2015,low_income
Tanzania,2016,low_income
Tanzania,2017,low_income
Tanzania,2018,low_income
Tanzania,2019,lower_middle
Tanzania,2020,lower_middle
Tanzania,2021,lower_middle
Tanzania,2022,lower_middle
Tanzania,2023,lower_middle
Tanzania,2024,lower_middle
Tanzania,2025,lower_middle
Thailand,1987,lower_middle
Thailand,1988,lower_middle
Thailand,1989,lower_middle
Thailand,1990,lower_middle
Thailand,1991,lower_middle
Thailand,1992,lower_middle
Thailand,1993,lower_middle
Thailand,1994,lower_middle
Thailand,1995,lower_middle
Thailand,1996,lower_middle
Thailand,1997,lower_middle
Thailand,1998,lower_middle
Thailand,1999,lower_middle
Thailand,2000,lower_middle
Thailand,2001,lower_middle
Thailand,2002,lower_middle
Thailand,2003,lower_middle
Thailand,2004,lower_middle
Thailand,2005,lower_middle
Thailand,2006,lower_middle
Thailand,2007,lower_middle
Thailand,2008,lower_middle
Thailand,2009,lower_middle
Thailand,2010,upper_middle
Thailand,2011,upper_middle
Thailand,2012,upper_middle
Thailand,2013,upper_middle
Thailand,2014,upper_middle
Thailand,2015,upper_middle
Thailand,2016,upper_middle
Thailand,2017,upper_middle
Thailand,2018,upper_middle
Thailand,2019,upper_middle
Thailand,2020,upper_middle
Thailand,2021,upper_middle
Thailand,2022,upper_middle
Thailand,2023,upper_middle
Thailand,2024,upper_middle
Thailand,2025,upper_middle
Timor-Leste,2001,low_income
Timor-Leste,2002,low_income
Timor-Leste,2003,low_income
Timor-Leste,2004,low_income
Timor-Leste,2005,low_income
Timor-Leste,2006,low_income
Timor-Leste,2007,lower_middle
Timor-Leste,2008,lower_middle
Timor-Leste,2009,lower_middle
Timor-Leste,2010,lower_middle
Timor-Leste,2011,lower_middle
Timor-Leste,2012,lower_middle
Timor-Leste,2013,lower_middle
Timor-Leste,2014,lower_middle
Timor-Leste,2015,lower_middle
Timor-Leste,2016,lower_middle
Timor-Leste,2017,lower_middle
Timor-Leste,2018,lower_middle
Timor-Leste,2019,lower_middle
Timor-Leste,2020,lower_middle
Timor-Leste,2021,lower_middle
Timor-Leste,2022,lower_middle
Timor-Leste,2023,lower_middle
Timor-Leste,2024,lower_middle
Timor-Leste,2025,lower_middle
Togo,1987,low_income
Togo,1988,low_income
Togo,1989,low_income
Togo,1990,low_income
Togo,1991,low_income
Togo,1992,low_income
Togo,1993,low_income
Togo,1994,low_income
Togo,1995,low_income
Togo,1996,low_income
Togo,1997,low_income
Togo,1998,low_income
Togo,1999,low_income
Togo,2000,low_income
Togo,2001,low_income
Togo,2002,low_income
Togo,2003,low_income
Togo,2004,low_income
Togo,2005,low_income
Togo,2006,low_income
Togo,2007,low_income
Togo,2008,low_income
Togo,2009,low_income
Togo,2010,low_income
Togo,2011,low_income
Togo,2012,low_income
Togo,2013,low_income
Togo,2014,low_income
Togo,2015,low_income
Togo,2016,low_income
Togo,2017,low_income
Togo,2018,low_income
Togo,2019,low_income
Togo,2020,low_income
Togo,2021,low_income
Togo,2022,low_income
Togo,2023,low_income
Togo,2024,low_income
Togo,2025,low_income
Tonga,1987,lower_middle
Tonga,1988,lower_middle
Tonga,1989,lower_middle
Tonga,1990,lower_middle
Tonga,1991,lower_middle
Tonga,1992,lower_middle
Tonga,1993,lower_middle
Tonga,1994,lower_middle
Tonga,1995,lower_middle
Tonga,1996,lower_middle
Tonga,1997,lower_middle
Tonga,1998,lower_middle
Tonga,1999,lower_middle
Tonga,2000,lower_middle
Tonga,2001,lower_middle
Tonga,2002,lower_middle
Tonga,2003,lower_middle
Tonga,2004,lower_middle
Tonga,2005,lower_middle
Tonga,2006,lower_middle
Tonga,2007,lower_middle
Tonga,2008,lower_middle
Tonga,2009,lower_middle
Tonga,2010,lower_middle
Tonga,2011,lower_middle
Tonga,2012,upper_middle
Tonga,2013,upper_middle
Tonga,2014,upper_middle
Tonga,2015,lower_middle
Tonga,2016,upper_middle
Tonga,2017,upper_middle
Tonga,2018,upper_middle
Tonga,2019,upper_middle
Tonga,2020,upper_middle
Tonga,2021,upper_middle
Tonga,2022,upper_middle
Tonga,2023,upper_middle
Tonga,2024,upper_middle
Tonga,2025,upper_middle
Trinidad and Tobago,1987,upper_middle
Trinidad and Tobago,1988,upper_middle
Trinidad and Tobago,1989,upper_middle
Trinidad and Tobago,1990,upper_middle
Trinidad and Tobago,1991,upper_middle
Trinidad and Tobago,1992,upper_middle
Trinidad and Tobago,1993,upper_middle
Trinidad and Tobago,1994,upper_middle
Trinidad and Tobago,1995,upper_middle
Trinidad and Tobago,1996,upper_middle
Trinidad and Tobago,1997,upper_middle
Trinidad and Tobago,1998,upper_middle
Trinidad and Tobago,1999,upper_middle
Trinidad and Tobago,2000,upper_middle
Trinidad and Tobago,2001,upper_middle
Trinidad and Tobago,2002,upper_middle
Trinidad and Tobago,2003,upper_middle
Trinidad and Tobago,2004,upper_middle
Trinidad and Tobago,2005,upper_middle
Trinidad and Tobago,2006,high_income
Trinidad and Tobago,2007,high_income
Trinidad and Tobago,2008,high_income
Trinidad and Tobago,2009,high_income
Trinidad and Tobago,2010,high_income
Trinidad and Tobago,2011,high_income
Trinidad and Tobago,2012,high_income
Trinidad and Tobago,2013,high_income
Trinidad and Tobago,2014,high_income
Trinidad and Tobago,2015,high_income
Trinidad and Tobago,2016,high_income
Trinidad and Tobago,2017,high_income
Trinidad and Tobago,2018,high_income
Trinidad and Tobago,2019,high_income
Trinidad and Tobago,2020,high_income
Trinidad and Tobago,2021,high_income
Trinidad and Tobago,2022,high_income
Trinidad and Tobago,2023,high_income
Trinidad and Tobago,2024,high_income
Trinidad and Tobago,2025,high_income
Tunisia,1987,lower_middle
Tunisia,1988,lower_middle
Tunisia,1989,lower_middle
Tunisia,1990,lower_middle
Tunisia,1991,lower_middle
Tunisia,1992,lower_middle
Tunisia,1993,lower_middle
Tunisia,1994,lower_middle
Tunisia,1995,lower_middle
Tunisia,1996,lower_middle
Tunisia,1997,lower_middle
Tunisia,1998,lower_middle
Tunisia,1999,lower_middle
Tunisia,2000,lower_middle
Tunisia,2001,lower_middle
Tunisia,2002,lower_middle
Tunisia,2003,lower_middle
Tunisia,2004,lower_middle
Tunisia,2005,lower_middle
Tunisia,2006,lower_middle
Tunisia,2007,lower_middle
Tunisia,2008,lower_middle
Tunisia,2009,lower_middle
Tunisia,2010,upper_middle
Tunisia,2011,upper_middle
Tunisia,2012,upper_middle
Tunisia,2013,upper_middle
Tunisia,2014,upper_middle
Tunisia,2015,lower_middle
Tunisia,2016,lower_middle
Tunisia,2017,lower_middle
Tunisia,2018,lower_middle
Tunisia,2019,lower_middle
Tunisia,2020,lower_middle
Tunisia,2021,lower_middle
Tunisia,2022,lower_middle
Tunisia,2023,lower_middle
Tunisia,2024,lower_middle
Tunisia,2025,lower_middle
Turkey,1987,lower_middle
Turkey,1988,lower_middle
Turkey,1989,lower_middle
Turkey,1990,lower_middle
Turkey,1991,lower_middle
Turkey,1992,lower_middle
Turkey,1993,lower_middle
Turkey,1994,lower_middle
Turkey,1995,lower_middle
Turkey,1996,lower_middle
Turkey,1997,lower_middle
Turkey,1998,lower_middle
Turkey,1999,lower_middle
Turkey,2000,lower_middle
Turkey,2001,lower_middle
Turkey,2002,lower_middle
Turkey,2003,lower_middle
Turkey,2004,upper_middle
Turkey,2005,upper_middle
Turkey,2006,upper_middle
Turkey,2007,upper_middle
Turkey,2008,upper_middle
Turkey,2009,upper_middle
Turkey,2010,upper_middle
Turkey,2011,upper_middle
Turkey,2012,upper_middle
Turkey,2013,upper_middle
Turkey,2014,upper_middle
Turkey,2015,upper_middle
Turkey,2016,upper_middle
Turkey,2017,upper_middle
Turkey,2018,lower_middle
Turkey,2019,upper_middle
Turkey,2020,upper_middle
Turkey,2021,upper_middle
Turkiye,1987,lower_middle
Turkiye,1988,lower_middle
Turkiye,1989,lower_middle
Turkiye,1990,lower_middle
Turkiye,1991,lower_middle
Turkiye,1992,lower_middle
Turkiye,1993,lower_middle
Turkiye,1994,lower_middle
Turkiye,1995,lower_middle
Turkiye,1996,lower_middle
Turkiye,1997,lower_middle
Turkiye,1998,lower_middle
Turkiye,1999,lower_middle
Turkiye,2000,lower_middle
Turkiye,2001,lower_middle
Turkiye,2002,lower_middle
Turkiye,2003,lower_middle
Turkiye,2004,upper_middle
Turkiye,2005,upper_middle
Turkiye,2006,upper_middle
Turkiye,2007,upper_middle
Turkiye,2008,upper_middle
Turkiye,2009,upper_middle
Turkiye,2010,upper_middle
Turkiye,2011,upper_middle
Turkiye,2012,upper_middle
Turkiye,2013,upper_middle
Turkiye,2014,upper_middle
Turkiye,2015,upper_middle
Turkiye,2016,upper_middle
Turkiye,2017,upper_middle
Turkiye,2018,lower_middle
Turkiye,2019,upper_middle
Turkiye,2020,upper_middle
Turkiye,2021,upper_middle
Turkiye,2022,upper_middle
Turkiye,2023,upper_middle
Turkiye,2024,upper_middle
Turkiye,2025,upper_middle
Turkmenistan,1991,lower_middle
Turkmenistan,1992,lower_middle
Turkmenistan,1993,lower_middle
Turkmenistan,1994,lower_middle
Turkmenistan,1995,lower_middle
Turkmenistan,1996,lower_middle
Turkmenistan,1997,low_income
Turkmenistan,1998,low_income
Turkmenistan,1999,low_income
Turkmenistan,2000,lower_middle
Turkmenistan,2001,lower_middle
Turkmenistan,2002,lower_middle
Turkmenistan,2003,lower_middle
Turkmenistan,2004,lower_middle
Turkmenistan,2005,lower_middle
Turkmenistan,2006,lower_middle
Turkmenistan,2007,lower_middle
Turkmenistan,2008,lower_middle
Turkmenistan,2009,lower_middle
Turkmenistan,2010,lower_middle
Turkmenistan,2011,upper_middle
Turkmenistan,2012,upper_middle
Turkmenistan,2013,upper_middle
Turkmenistan,2014,upper_middle
Turkmenistan,2015,upper_middle
Turkmenistan,2016,upper_middle
Turkmenistan,2017,upper_middle
Turkmenistan,2018,upper_middle
Turkmenistan,2019,upper_middle
Turkmenistan,2020,upper_middle
Turkmenistan,2021,upper_middle
Turkmenistan,2022,upper_middle
Turkmenistan,2023,upper_middle
Turkmenistan,2024,upper_middle
Turkmenistan,2025,upper_middle
Turks and Caicos Islands,2009,high_income
Turks and Caicos Islands,2010,high_income
Turks and Caicos Islands,2011,high_income
Turks and Caicos Islands,2012,high_income
Turks and Caicos Islands,2013,high_income
Turks and Caicos Islands,2014,high_income
Turks and Caicos Islands,2015,high_income
Turks and Caicos Islands,2016,high_income
Turks and Caicos Islands,2017,high_income
Turks and Caicos Islands,2018,high_income
Turks and Caicos Islands,2019,high_income
Turks and Caicos Islands,2020,high_income
Turks and Caicos Islands,2021,high_income
Turks and Caicos Islands,2022,high_income
Turks and Caicos Islands,2023,high_income
Turks and Caicos Islands,2024,high_income
Turks and Caicos Islands,2025,high_income
Tuvalu,2009,lower_middle
Tuvalu,2010,lower_middle
Tuvalu,2011,upper_middle
Tuvalu,2012,upper_middle
Tuvalu,2013,upper_middle
Tuvalu,2014,upper_middle
Tuvalu,2015,upper_middle
Tuvalu,2016,upper_middle
Tuvalu,2017,upper_middle
Tuvalu,2018,upper_middle
Tuvalu,2019,upper_middle
Tuvalu,2020,upper_middle
Tuvalu,2021,upper_middle
Tuvalu,2022,upper_middle
Tuvalu,2023,upper_middle
Tuvalu,2024,upper_middle
Tuvalu,2025,upper_middle
Türkiye,1987,lower_middle
Türkiye,1988,lower_middle
Türkiye,1989,lower_middle
Türkiye,1990,lower_middle
Türkiye,1991,lower_middle
Türkiye,1992,lower_middle
Türkiye,1993,lower_middle
Türkiye,1994,lower_middle
Türkiye,1995,lower_middle
Türkiye,1996,lower_middle
Türkiye,1997,upper_middle
Türkiye,1998,upper_middle
Türkiye,1999,lower_middle
Türkiye,2000,upper_middle
Türkiye,2001,lower_middle
Türkiye,2002,lower_middle
Türkiye,2003,lower_middle
Türkiye,2004,upper_middle
Türkiye,2005,upper_middle
Türkiye,2006,upper_middle
Türkiye,2007,upper_middle
Türkiye,2008,upper_middle
Türkiye,2009,upper_middle
Türkiye,2010,upper_middle
Türkiye,2011,upper_middle
Türkiye,2012,upper_middle
Türkiye,2013,upper_middle
Türkiye,2014,upper_middle
Türkiye,2015,upper_middle
Türkiye,2016,upper_middle
Türkiye,2017,upper_middle
Türkiye,2018,upper_middle
Türkiye,2019,upper_middle
Türkiye,2020,upper_middle
Türkiye,2021,upper_middle
Türkiye,2022,upper_middle
Türkiye,2023,upper_middle
Türkiye,2024,upper_middle
Türkiye,2025,upper_middle
USSR (former),1990,upper_middle
Uganda,1987,low_income
Uganda,1988,low_income
Uganda,1989,low_income
Uganda,1990,low_income
Uganda,1991,low_income
Uganda,1992,low_income
Uganda,1993,low_income
Uganda,1994,low_income
Uganda,1995,low_income
Uganda,1996,low_income
Uganda,1997,low_income
Uganda,1998,low_income
Uganda,1999,low_income
Uganda,2000,low_income
Uganda,2001,low_income
Uganda,2002,low_income
Uganda,2003,low_income
Uganda,2004,low_income
Uganda,2005,low_income
Uganda,2006,low_income
Uganda,2007,low_income
Uganda,2008,low_income
Uganda,2009,low_income
Uganda,2010,low_income
Uganda,2011,low_income
Uganda,2012,low_income
Uganda,2013,low_income
Uganda,2014,low_income
Uganda,2015,low_income
Uganda,2016,low_income
Uganda,2017,low_income
Uganda,2018,low_income
Uganda,2019,low_income
Uganda,2020,low_income
Uganda,2021,low_income
Uganda,2022,low_income
Uganda,2023,low_income
Uganda,2024,low_income
Uganda,2025,low_income
Ukraine,1991,lower_middle
Ukraine,1992,lower_middle
Ukraine,1993,lower_middle
Ukraine,1994,lower_middle
Ukraine,1995,lower_middle
Ukraine,1996,lower_middle
Ukraine,1997,lower_middle
Ukraine,1998,lower_middle
Ukraine,1999,low_income
Ukraine,2000,low_income
Ukraine,2001,low_income
Ukraine,2002,lower_middle
Ukraine,2003,lower_middle
Ukraine,2004,lower_middle
Ukraine,2005,lower_middle
Ukraine,2006,lower_middle
Ukraine,2007,lower_middle
Ukraine,2008,lower_middle
Ukraine,2009,lower_middle
Ukraine,2010,lower_middle
Ukraine,2011,lower_middle
Ukraine,2012,lower_middle
Ukraine,2013,lower_middle
Ukraine,2014,lower_middle
Ukraine,2015,lower_middle
Ukraine,2016,lower_middle
Ukraine,2017,lower_middle
Ukraine,2018,lower_middle
Ukraine,2019,lower_middle
Ukraine,2020,lower_middle
Ukraine,2021,lower_middle
Ukraine,2022,upper_middle
Ukraine,2023,upper_middle
Ukraine,2024,upper_middle
Ukraine,2025,upper_middle
United Arab Emirates,1987,high_income
United Arab Emirates,1988,high_income
United Arab Emirates,1989,high_income
United Arab Emirates,1990,high_income
United Arab Emirates,1991,high_income
United Arab Emirates,1992,high_income
United Arab Emirates,1993,high_income
United Arab Emirates,1994,high_income
United Arab Emirates,1995,high_income
United Arab Emirates,1996,high_income
United Arab Emirates,1997,high_income
United Arab Emirates,1998,high_income
United Arab Emirates,1999,high_income
United Arab Emirates,2000,high_income
United Arab Emirates,2001,high_income
United Arab Emirates,2002,high_income
United Arab Emirates,2003,high_income
United Arab Emirates,2004,high_income
United Arab Emirates,2005,high_income
United Arab Emirates,2006,high_income
United Arab Emirates,2007,high_income
United Arab Emirates,2008,high_income
United Arab Emirates,2009,high_income
United Arab Emirates,2010,high_income
United Arab Emirates,2011,high_income
United Arab Emirates,2012,high_income
United Arab Emirates,2013,high_income
United Arab Emirates,2014,high_income
United Arab Emirates,2015,high_income
United Arab Emirates,2016,high_income
United Arab Emirates,2017,high_income
United Arab Emirates,2018,high_income
United Arab Emirates,2019,high_income
United Arab Emirates,2020,high_income
United Arab Emirates,2021,high_income
United Arab Emirates,2022,high_income
United Arab Emirates,2023,high_income
United Arab Emirates,2024,high_income
United Arab Emirates,2025,high_income
United Kingdom,1987,high_income
United Kingdom,1988,high_income
United Kingdom,1989,high_income
United Kingdom,1990,high_income
United Kingdom,1991,high_income
United Kingdom,1992,high_income
United Kingdom,1993,high_income
United Kingdom,1994,high_income
United Kingdom,1995,high_income
United Kingdom,1996,high_income
United Kingdom,1997,high_income
United Kingdom,1998,high_income
United Kingdom,1999,high_income
United Kingdom,2000,high_income
United Kingdom,2001,high_income
United Kingdom,2002,high_income
United Kingdom,2003,high_income
United Kingdom,2004,high_income
United Kingdom,2005,high_income
United Kingdom,2006,high_income
United Kingdom,2007,high_income
United Kingdom,2008,high_income
United Kingdom,2009,high_income
United Kingdom,2010,high_income
United Kingdom,2011,high_income
United Kingdom,2012,high_income
United Kingdom,2013,high_income
United Kingdom,2014,high_income
United Kingdom,2015,high_income
United Kingdom,2016,high_income
United Kingdom,2017,high_income
United Kingdom,2018,high_income
United Kingdom,2019,high_income
United Kingdom,2020,high_income
United Kingdom,2021,high_income
United Kingdom,2022,high_income
United Kingdom,2023,high_income
United Kingdom,2024,high_income
United Kingdom,2025,high_income
United States,1987,high_income
United States,1988,high_income
United States,1989,high_income
United States,1990,high_income
United States,1991,high_income
United States,1992,high_income
United States,1993,high_income
United States,1994,high_income
United States,1995,high_income
United States,1996,high_income
United States,1997,high_income
United States,1998,high_income
United States,1999,high_income
United States,2000,high_income
United States,2001,high_income
United States,2002,high_income
United States,2003,high_income
United States,2004,high_income
United States,2005,high_income
United States,2006,high_income
United States,2007,high_income
United States,2008,high_income
United States,2009,high_income
United States,2010,high_income
United States,2011,high_income
United States,2012,high_income
United States,2013,high_income
United States,2014,high_income
United States,2015,high_income
United States,2016,high_income
United States,2017,high_income
United States,2018,high_income
United States,2019,high_income
United States,2020,high_income
United States,2021,high_income
United States,2022,high_income
United States,2023,high_income
United States,2024,high_income
United States,2025,high_income
Uruguay,1987,upper_middle
Uruguay,1988,upper_middle
Uruguay,1989,upper_middle
Uruguay,1990,upper_middle
Uruguay,1991,upper_middle
Uruguay,1992,upper_middle
Uruguay,1993,upper_middle
Uruguay,1994,upper_middle
Uruguay,1995,upper_middle
Uruguay,1996,upper_middle
Uruguay,1997,upper_middle
Uruguay,1998,upper_middle
Uruguay,1999,upper_middle
Uruguay,2000,upper_middle
Uruguay,2001,upper_middle
Uruguay,2002,upper_middle
Uruguay,2003,upper_middle
Uruguay,2004,upper_middle
Uruguay,2005,upper_middle
Uruguay,2006,upper_middle
Uruguay,2007,upper_middle
Uruguay,2008,upper_middle
Uruguay,2009,upper_middle
Uruguay,2010,upper_middle
Uruguay,2011,upper_middle
Uruguay,2012,high_income
Uruguay,2013,high_income
Uruguay,2014,high_income
Uruguay,2015,high_income
Uruguay,2016,high_income
Uruguay,2017,high_income
Uruguay,2018,high_income
Uruguay,2019,high_income
Uruguay,2020,high_income
Uruguay,2021,high_income
Uruguay,2022,high_income
Uruguay,2023,high_income
Uruguay,2024,high_income
Uruguay,2025,high_income
Uzbekistan,1991,lower_middle
Uzbekistan,1992,lower_middle
Uzbekistan,1993,lower_middle
Uzbekistan,1994,lower_middle
Uzbekistan,1995,lower_middle
Uzbekistan,1996,lower_middle
Uzbekistan,1997,lower_middle
Uzbekistan,1998,lower_middle
Uzbekistan,1999,low_income
Uzbekistan,2000,low_income
Uzbekistan,2001,low_income
Uzbekistan,2002,low_income
Uzbekistan,2003,low_income
Uzbekistan,2004,low_income
Uzbekistan,2005,low_income
Uzbekistan,2006,low_income
Uzbekistan,2007,low_income
Uzbekistan,2008,low_income
Uzbekistan,2009,lower_middle
Uzbekistan,2010,lower_middle
Uzbekistan,2011,lower_middle
Uzbekistan,2012,lower_middle
Uzbekistan,2013,lower_middle
Uzbekistan,2014,lower_middle
Uzbekistan,2015,lower_middle
Uzbekistan,2016,lower_middle
Uzbekistan,2017,lower_middle
Uzbekistan,2018,lower_middle
Uzbekistan,2019,lower_middle
Uzbekistan,2020,lower_middle
Uzbekistan,2021,lower_middle
Uzbekistan,2022,lower_middle
Uzbekistan,2023,lower_middle
Uzbekistan,2024,lower_middle
Uzbekistan,2025,lower_middle
Vanuatu,1987,lower_middle
Vanuatu,1988,lower_middle
Vanuatu,1989,lower_middle
Vanuatu,1990,lower_middle
Vanuatu,1991,lower_middle
Vanuatu,1992,lower_middle
Vanuatu,1993,lower_middle
Vanuatu,1994,lower_middle
Vanuatu,1995,lower_middle
Vanuatu,1996,lower_middle
Vanuatu,1997,lower_middle
Vanuatu,1998,lower_middle
Vanuatu,1999,lower_middle
Vanuatu,2000,lower_middle
Vanuatu,2001,lower_middle
Vanuatu,2002,lower_middle
Vanuatu,2003,lower_middle
Vanuatu,2004,lower_middle
Vanuatu,2005,lower_middle
Vanuatu,2006,lower_middle
Vanuatu,2007,lower_middle
Vanuatu,2008,lower_middle
Vanuatu,2009,lower_middle
Vanuatu,2010,lower_middle
Vanuatu,2011,lower_middle
Vanuatu,2012,lower_middle
Vanuatu,2013,lower_middle
Vanuatu,2014,lower_middle
Vanuatu,2015,lower_middle
Vanuatu,2016,lower_middle
Vanuatu,2017,lower_middle
Vanuatu,2018,lower_middle
Vanuatu,2019,lower_middle
Vanuatu,2020,lower_middle
Vanuatu,2021,lower_middle
Vanuatu,2022,lower_middle
Vanuatu,2023,lower_middle
Vanuatu,2024,lower_middle
Vanuatu,2025,lower_middle
Venezuela  RB,2022,
Venezuela  RB,2023,
Venezuela  RB,2024,
Venezuela  RB,2025,
"Venezuela, RB",1987,upper_middle
"Venezuela, RB",1988,upper_middle
"Venezuela, RB",1989,upper_middle
"Venezuela, RB",1990,upper_middle
"Venezuela, RB",1991,upper_middle
"Venezuela, RB",1992,upper_middle
"Venezuela, RB",1993,upper_middle
"Venezuela, RB",1994,lower_middle
"Venezuela, RB",1995,lower_middle
"Venezuela, RB",1996,lower_middle
"Venezuela, RB",1997,upper_middle
"Venezuela, RB",1998,upper_middle
"Venezuela, RB",1999,upper_middle
"Venezuela, RB",2000,upper_middle
"Venezuela, RB",2001,upper_middle
"Venezuela, RB",2002,upper_middle
"Venezuela, RB",2003,upper_middle
"Venezuela, RB",2004,upper_middle
"Venezuela, RB",2005,upper_middle
"Venezuela, RB",2006,upper_middle
"Venezuela, RB",2007,upper_middle
"Venezuela, RB",2008,upper_middle
"Venezuela, RB",2009,upper_middle
"Venezuela, RB",2010,upper_middle
"Venezuela, RB",2011,upper_middle
"Venezuela, RB",2012,upper_middle
"Venezuela, RB",2013,upper_middle
"Venezuela, RB",2014,high_income
"Venezuela, RB",2015,upper_middle
"Venezuela, RB",2016,upper_middle
"Venezuela, RB",2017,upper_middle
"Venezuela, RB",2018,upper_middle
"Venezuela, RB",2019,upper_middle
Viet Nam,2022,lower_middle
Viet Nam,2023,lower_middle
Viet Nam,2024,lower_middle
Viet Nam,2025,lower_middle
Vietnam,1987,low_income
Vietnam,1988,low_income
Vietnam,1989,low_income
Vietnam,1990,low_income
Vietnam,1991,low_income
Vietnam,1992,low_income
Vietnam,1993,low_income
Vietnam,1994,low_income
Vietnam,1995,low_income
Vietnam,1996,low_income
Vietnam,1997,low_income
Vietnam,1998,low_income
Vietnam,1999,low_income
Vietnam,2000,low_income
Vietnam,2001,low_income
Vietnam,2002,low_income
Vietnam,2003,low_income
Vietnam,2004,low_income
Vietnam,2005,low_income
Vietnam,2006,low_income
Vietnam,2007,low_income
Vietnam,2008,low_income
Vietnam,2009,lower_middle
Vietnam,2010,lower_middle
Vietnam,2011,lower_middle
Vietnam,2012,lower_middle
Vietnam,2013,lower_middle
Vietnam,2014,lower_middle
Vietnam,2015,lower_middle
Vietnam,2016,lower_middle
Vietnam,2017,lower_middle
Vietnam,2018,lower_middle
Vietnam,2019,lower_middle
Vietnam,2020,lower_middle
Vietnam,2021,lower_middle
Vietnam,2022,lower_middle
Vietnam,2023,lower_middle
Vietnam,2024,lower_middle
Vietnam,2025,lower_middle
Virgin Islands (U.S.),1987,high_income
Virgin Islands (U.S.),1988,high_income
Virgin Islands (U.S.),1989,high_income
Virgin Islands (U.S.),1990,high_income
Virgin Islands (U.S.),1991,high_income
Virgin Islands (U.S.),1992,high_income
Virgin Islands (U.S.),1993,high_income
Virgin Islands (U.S.),1994,high_income
Virgin Islands (U.S.),1995,high_income
Virgin Islands (U.S.),1996,high_income
Virgin Islands (U.S.),1997,high_income
Virgin Islands (U.S.),1998,high_income
Virgin Islands (U.S.),1999,high_income
Virgin Islands (U.S.),2000,high_income
Virgin Islands (U.S.),2001,high_income
Virgin Islands (U.S.),2002,high_income
Virgin Islands (U.S.),2003,high_income
Virgin Islands (U.S.),2004,high_income
Virgin Islands (U.S.),2005,high_income
Virgin Islands (U.S.),2006,high_income
Virgin Islands (U.S.),2007,high_income
Virgin Islands (U.S.),2008,high_income
Virgin Islands (U.S.),2009,high_income
Virgin Islands (U.S.),2010,high_income
Virgin Islands (U.S.),2011,high_income
Virgin Islands (U.S.),2012,high_income
Virgin Islands (U.S.),2013,high_income
Virgin Islands (U.S.),2014,high_income
Virgin Islands (U.S.),2015,high_income
Virgin Islands (U.S.),2016,high_income
Virgin Islands (U.S.),2017,high_income
Virgin Islands (U.S.),2018,high_income
Virgin Islands (U.S.),2019,high_income
Virgin Islands (U.S.),2020,high_income
Virgin Islands (U.S.),2021,high_income
Virgin Islands (U.S.),2022,high_income
Virgin Islands (U.S.),2023,high_income
Virgin Islands (U.S.),2024,high_income
Virgin Islands (U.S.),2025,high_income
West Bank and Gaza,1994,lower_middle
West Bank and Gaza,1995,lower_middle
West Bank and Gaza,1996,lower_middle
West Bank and Gaza,1997,lower_middle
West Bank and Gaza,1998,lower_middle
West Bank and Gaza,1999,lower_middle
West Bank and Gaza,2000,lower_middle
West Bank and Gaza,2001,lower_middle
West Bank and Gaza,2002,lower_middle
West Bank and Gaza,2003,lower_middle
West Bank and Gaza,2004,lower_middle
West Bank and Gaza,2005,lower_middle
West Bank and Gaza,2006,lower_middle
West Bank and Gaza,2007,lower_middle
West Bank and Gaza,2008,lower_middle
West Bank and Gaza,2009,lower_middle
West Bank and Gaza,2010,lower_middle
West Bank and Gaza,2011,lower_middle
West Bank and Gaza,2012,lower_middle
West Bank and Gaza,2013,lower_middle
West Bank and Gaza,2014,lower_middle
West Bank and Gaza,2015,lower_middle
West Bank and Gaza,2016,lower_middle
West Bank and Gaza,2017,lower_middle
West Bank and Gaza,2018,lower_middle
West Bank and Gaza,2019,lower_middle
West Bank and Gaza,2020,lower_middle
West Bank and Gaza,2021,lower_middle
West Bank and Gaza,2022,lower_middle
West Bank and Gaza,2023,lower_middle
West Bank and Gaza,2024,lower_middle
West Bank and Gaza,2025,lower_middle
Yemen  Rep.,2022,low_income
Yemen  Rep.,2023,low_income
Yemen  Rep.,2024,low_income
Yemen  Rep.,2025,low_income
"Yemen, Rep.",1987,
"Yemen, Rep.",1988,
"Yemen, Rep.",1989,lower_middle
"Yemen, Rep.",1990,lower_middle
"Yemen, Rep.",1991,low_income
"Yemen, Rep.",1992,low_income
"Yemen, Rep.",1993,low_income
"Yemen, Rep.",1994,low_income
"Yemen, Rep.",1995,low_income
"Yemen, Rep.",1996,low_income
"Yemen, Rep.",1997,low_income
"Yemen, Rep.",1998,low_income
"Yemen, Rep.",1999,low_income
"Yemen, Rep.",2000,low_income
"Yemen, Rep.",2001,low_income
"Yemen, Rep.",2002,low_income
"Yemen, Rep.",2003,low_income
"Yemen, Rep.",2004,low_income
"Yemen, Rep.",2005,low_income
"Yemen, Rep.",2006,low_income
"Yemen, Rep.",2007,low_income
"Yemen, Rep.",2008,low_income
"Yemen, Rep.",2009,lower_middle
"Yemen, Rep.",2010,lower_middle
"Yemen, Rep.",2011,lower_middle
"Yemen, Rep.",2012,lower_middle
"Yemen, Rep.",2013,lower_middle
"Yemen, Rep.",2014,lower_middle
"Yemen, Rep.",2015,lower_middle
"Yemen, Rep.",2016,lower_middle
"Yemen, Rep.",2017,low_income
"Yemen, Rep.",2018,low_income
"Yemen, Rep.",2019,low_income
"Yemen, Rep.",2020,low_income
"Yemen, Rep.",2021,low_income
"Yemen, Rep.",2022,low_income
"Yemen, Rep.",2023,low_income
"Yemen, Rep.",2024,low_income
"Yemen, Rep.",2025,low_income
Yugoslavia (former),1987,upper_middle
Yugoslavia (former),1988,upper_middle
Yugoslavia (former),1989,upper_middle
Yugoslavia (former),1990,upper_middle
Yugoslavia (former),1991,upper_middle
Zambia,1987,low_income
Zambia,1988,low_income
Zambia,1989,low_income
Zambia,1990,low_income
Zambia,1991,low_income
Zambia,1992,low_income
Zambia,1993,low_income
Zambia,1994,low_income
Zambia,1995,low_income
Zambia,1996,low_income
Zambia,1997,low_income
Zambia,1998,low_income
Zambia,1999,low_income
Zambia,2000,low_income
Zambia,2001,low_income
Zambia,2002,low_income
Zambia,2003,low_income
Zambia,2004,low_income
Zambia,2005,low_income
Zambia,2006,low_income
Zambia,2007,low_income
Zambia,2008,low_income
Zambia,2009,low_income
Zambia,2010,lower_middle
Zambia,2011,lower_middle
Zambia,2012,lower_middle
Zambia,2013,lower_middle
Zambia,2014,lower_middle
Zambia,2015,lower_middle
Zambia,2016,lower_middle
Zambia,2017,lower_middle
Zambia,2018,lower_middle
Zambia,2019,lower_middle
Zambia,2020,lower_middle
Zambia,2021,low_income
Zambia,2022,lower_middle
Zambia,2023,lower_middle
Zambia,2024,lower_middle
Zambia,2025,lower_middle
Zimbabwe,1987,lower_middle
Zimbabwe,1988,lower_middle
Zimbabwe,1989,lower_middle
Zimbabwe,1990,lower_middle
Zimbabwe,1991,low_income
Zimbabwe,1992,low_income
Zimbabwe,1993,low_income
Zimbabwe,1994,low_income
Zimbabwe,1995,low_income
Zimbabwe,1996,low_income
Zimbabwe,1997,low_income
Zimbabwe,1998,low_income
Zimbabwe,1999,low_income
Zimbabwe,2000,low_income
Zimbabwe,2001,low_income
Zimbabwe,2002,low_income
Zimbabwe,2003,low_income
Zimbabwe,2004,low_income
Zimbabwe,2005,low_income
Zimbabwe,2006,low_income
Zimbabwe,2007,low_income
Zimbabwe,2008,low_income
Zimbabwe,2009,low_income
Zimbabwe,2010,low_income
Zimbabwe,2011,low_income
Zimbabwe,2012,low_income
Zimbabwe,2013,low_income
Zimbabwe,2014,low_income
Zimbabwe,2015,low_income
Zimbabwe,2016,low_income
Zimbabwe,2017,low_income
Zimbabwe,2018,lower_middle
Zimbabwe,2019,lower_middle
Zimbabwe,2020,lower_middle
Zimbabwe,2021,lower_middle
Zimbabwe,2022,lower_middle
Zimbabwe,2023,lower_middle
Zimbabwe,2024,lower_middle
Zimbabwe,2025,lower_middle
